url,page_type,primary_keyword,secondary_keywords,question_variants,buyer_intent,target_country,local_language_variant,trade_data_demand_rank,kw_volume,kw_difficulty,current_title,proposed_title,current_meta,proposed_meta,cannibalization_risk_with
/products/grains-rice/basmati-rice/,product,basmati rice exporter india,basmati rice supplier india; basmati rice manufacturer india; basmati rice price india; indian basmati rice exporter; basmati rice export from india; bulk basmati rice india; 1121 basmati rice exporter; sella basmati rice india,What's the difference between 1121 and Pusa basmati? | What is sella rice? | Why does aging matter in basmati? | How much basmati fits in a container? | Can you supply basmati under our own brand? | Is Indian non-basmati rice available too?,transactional,,,1,,,Basmati Rice Exporter from India | Green Plus EXIM,"Basmati Rice Exporter India | 1121, Pusa, Sella, Steam","1121 and Pusa basmati rice exporter from India. Grain length, aging, sortex specs, packaging, top markets and FOB/CIF quotes within 24 business hours.","Basmati rice exporter India: 1121 and Pusa basmati, raw, steam, sella and golden sella, aged to spec. India shipped 6.52M MT in 2025-26. Get a quote.","5 basmati product-country pages, blog 1121-vs-pusa (different queries)"
/blog/1121-basmati-vs-pusa-basmati-grades-length-aging/,blog,1121 vs pusa basmati,1121 basmati grain length; pusa 1509 vs 1121; aged basmati rice; sella vs steam basmati; basmati rice grades india; golden sella basmati,"Which is better, 1121 or Pusa? | What does 'elongation' mean and why does it matter? | Why does aging improve rice quality? | Is there a quality difference beyond grain length? | How should I decide which to order? | What is the minimum grain length for rice exported from India as basmati?",informational,,,2,,,1121 vs Pusa Basmati: Grades & Aging | Green Plus EXIM,1121 vs Pusa Basmati from India | Grain Length & Aging,"The practical differences between 1121 and Pusa basmati rice for importers — grain length, aging, price positioning and how to choose between them.","1121 vs Pusa basmati from India: 1121 averages 8.30–8.40mm before cooking; compare Pusa 1509 and 1401, aging and sella vs steam before you order.",product basmati-rice (transactional) — distinct
/markets/middle-east-gcc/,market-region,import from india to middle east,india exports to the middle east; shipping from india to the middle east; the middle east import from india,What is import from india to middle east? | How does import from india to middle east work? | Where can I find import from india to middle east? | What should I check about import from india to middle east? | Who can help with import from india to middle east?,commercial,the Middle East,,3,,,Export from India to Middle East & GCC | Green Plus EXIM,Import from India to the Middle East | GCC Rules & Ports,"Green Plus EXIM ships basmati rice, spices, fresh produce and seafood from India to the UAE, Saudi Arabia, Iraq, Oman and the wider Gulf and Middle East.","Import from India to Middle East: what India ships, GCC Rules and Ports, documents and transit times. Find the right product and request a quote.",
/markets/south-asia/,market-region,import from india to south asia,india exports to south asia; shipping from india to south asia; south asia import from india,What is import from india to south asia? | How does import from india to south asia work? | Where can I find import from india to south asia? | What should I check about import from india to south asia? | Who can help with import from india to south asia?,commercial,South Asia,,4,,,Export from India to South Asia | Green Plus EXIM,Import from India to South Asia | Land & Sea Routes,"Green Plus EXIM ships onion, lentils, spices, maize and staples from India to Bangladesh, Nepal, Sri Lanka and the wider South Asian region.","Import from India to South Asia: what India ships, Land and Sea Routes, documents and transit times. Find the right product and request a quote.",
/markets/southeast-asia/,market-region,import from india to southeast asia,india exports to southeast asia; shipping from india to southeast asia; southeast asia import from india,What is import from india to southeast asia? | How does import from india to southeast asia work? | Where can I find import from india to southeast asia? | What should I check about import from india to southeast asia? | Who can help with import from india to southeast asia?,commercial,Southeast Asia,,5,,,Export from India to Southeast Asia | Green Plus EXIM,"Import from India to Southeast Asia | Halal, ASEAN Ports","Green Plus EXIM ships groundnut kernels, onion, spices and feed ingredients from India to Malaysia, Indonesia, Vietnam and the wider Southeast Asian region.","Import from India to Southeast Asia: what India ships, Halal and ASEAN Ports, documents and transit times. Find the right product and request a quote.",
/products/spices/red-chilli/,product,red chilli exporter india,red chilli supplier india; red chilli manufacturer india; red chilli price india; indian red chilli exporter; red chilli export from india; bulk red chilli india; dry red chilli india; teja chilli exporter,Is red chilli freely exportable from India? | Which chilli variety should I order? | Whole pods or crushed? | Why is China the top market for Indian chilli? | How is pungency measured? | How many tonnes fit in a container?,transactional,,,6,,,Red Chilli Exporter from India (Dried) | Green Plus EXIM,"Dried Red Chilli Exporter India | Guntur, Byadgi, Teja","Indian dried red chilli exporter — whole and stemless grades, pungency levels, packaging, container loading, top markets and FOB/CIF quotes in 24 hours.","Red chilli exporter India: dried Guntur, Byadgi and Teja chilli, whole, stemless or crushed, graded by ASTA colour and heat. Request your quote.",blog dried-red-chilli-exporter-india-to-china; 3 chilli country pages
/blog/india-spice-export-market-overview-2024/,blog,indian spice exports by country,india spice export data 2024; top spice export markets india; india chilli exports by country; india cumin exports china; spice export statistics india; wits india spices,"What is India's single largest spice export? | Which country buys the most Indian spice, overall? | Which spice has the most concentrated buyer base? | Which spice has the highest price per kilogram? | Which countries appear among the top ten buyers of every spice in this overview? | How large are India's black pepper and coriander exports?",informational,,,7,,,"India Spice Export Data by Country, 2024 | Green Plus EXIM",Indian Spice Exports by Country 2024 | WITS Data,"India&#39;s spice export market in one overview — which spices export the most, which countries buy them, and what the verified 2024 trade data actually shows.","Indian spice exports by country, 2024: red chilli USD 1.30bn, cumin USD 785m, top destinations per spice from WITS data. See where each spice ships.",
/markets/uae/,market,import from india to uae,uae import regulations from india; documents to import into uae from india; shipping from india to uae; indian exporters for uae; uae import requirements food; india uae trade,How long does shipping from India to the UAE take? | Which Indian products have the largest UAE market? | Who regulates food imports into the UAE? | Is Halal documentation needed? | Can the UAE be used as a re-export hub? | What payment terms are typical?,commercial,UAE,ar: الاستيراد من الهند إلى الإمارات,8,,,Export from India to UAE | Green Plus EXIM,Import from India to UAE | MOCCAE & Jebel Ali,"Importing from India to the UAE — what India ships to the Emirates, Jebel Ali transit times, MOCCAE and ESMA requirements, documentation and payment norms.","Import from India to UAE: what India ships, MOCCAE and Jebel Ali, documents and transit times. Find the right product and request a quote.",blog/product-country pages for specific products link here for regulations
/products/animal-feed/soybean-meal/,product,soybean meal exporter india,soybean meal supplier india; soybean meal manufacturer india; soybean meal price india; indian soybean meal exporter; soybean meal export from india; bulk soybean meal india; soybean doc india; non gmo soybean meal,Is Indian soybean meal non-GMO? | What protein level should I specify? | What's the difference between soybean meal and soybean DOC? | How much soybean meal fits in a container? | Can you supply in jumbo bags or bulk? | Why is Indian soybean meal priced above South American meal?,transactional,,,9,,,Soybean Meal Exporter from India (DOC) | Green Plus EXIM,"Soybean Meal Exporter India | Non-GMO DOC, 46–48% Protein","Indian soybean meal (de-oiled cake) exporter — protein specs, non-GMO status, packaging, container loading, top markets and FOB/CIF quotes in 24 hours.","Soybean meal exporter India: non-GMO de-oiled cake at 46% or 48% crude protein, bagged or bulk. Send your protein spec and port for a quote.",blog soybean-meal-exporter-from-india-germany (country query)
/markets/saudi-arabia/,market,import from india to saudi arabia,saudi arabia import regulations from india; documents to import into saudi arabia from india; shipping from india to saudi arabia; indian exporters for saudi arabia; saudi arabia import requirements food; india saudi arabia trade,Why is Saudi Arabia so important for Indian basmati? | How long is transit from India to Jeddah? | What is SABER? | Does the SFDA regulate all food imports? | Is Halal certification required? | When should I place basmati orders for Ramadan?,commercial,Saudi Arabia,ar: الاستيراد من الهند إلى السعودية,10,,,Export from India to Saudi Arabia | Green Plus EXIM,Import from India to Saudi Arabia | SFDA Rules & Jeddah,"Importing from India to Saudi Arabia — basmati rice and spice volumes, Jeddah and Dammam transit times, SFDA and SABER requirements, documentation and payment norms.","Import from India to Saudi Arabia: what India ships, SFDA Rules and Jeddah, documents and transit times. Find the right product and request a quote.",blog/product-country pages for specific products link here for regulations
/markets/bangladesh/,market,import from india to bangladesh,bangladesh import regulations from india; documents to import into bangladesh from india; shipping from india to bangladesh; indian exporters for bangladesh; bangladesh import requirements food; india bangladesh trade,Should I ship to Bangladesh by sea or land? | Which Indian products does Bangladesh import most? | Why does Bangladesh rely on Indian onion? | What is an IP and do I need one? | Are letters of credit mandatory? | Does SAFTA reduce duties on Indian goods?,commercial,Bangladesh,bn: ভারত থেকে আমদানি,11,,,Export from India to Bangladesh | Green Plus EXIM,"Import from India to Bangladesh | BSTI, Land and Sea","Importing from India to Bangladesh — onion, lentils, cumin and spice volumes, Chattogram transit times, land-port options, BSTI requirements and payment norms.","Import from India to Bangladesh: what India ships, BSTI, Land and Sea Routes, documents and transit times. Find the right product and request a quote.",blog/product-country pages for specific products link here for regulations
/markets/north-america/,market-region,import from india to north america,india exports to north america; shipping from india to north america; north america import from india,What is import from india to north america? | How does import from india to north america work? | Where can I find import from india to north america? | What should I check about import from india to north america? | Who can help with import from india to north america?,commercial,North America,,12,,,Export from India to North America | Green Plus EXIM,Import from India to North America | FDA & US Ports,"Green Plus EXIM ships frozen shrimp, basmati rice, psyllium husk and guar gum from India to the United States, Canada and the wider North American market.","Import from India to North America: what India ships, FDA and US Ports, documents and transit times. Find the right product and request a quote.",
/products/grains-rice/basmati-rice/saudi-arabia/,product-country,basmati rice exporter india to saudi arabia,import basmati rice from india to saudi arabia; basmati rice supplier for saudi arabia; basmati rice price saudi arabia; indian basmati rice saudi arabia,Why does Saudi Arabia buy so much Indian basmati? | When should I place orders for the Saudi market? | Jeddah or Dammam — which port should I use? | What grade of basmati does the Saudi market expect? | What is SABER and does it affect timing? | Do government or state-linked purchases affect private basmati trade with Saudi Arabia?,transactional,Saudi Arabia,ar: مورد أرز بسمتي من الهند للسعودية,13,,,Basmati Rice: India to Saudi Arabia | Green Plus EXIM,Basmati Rice Exporter India to Saudi Arabia | 1121 Aged,"1121 basmati rice exported from India to Saudi Arabia — grades for the Saudi market, Jeddah/Dammam routing, SFDA/SABER documentation and Ramadan procurement timing.","Basmati rice exporter India to Saudi Arabia: aged 1121 for Saudi importers, India's largest basmati market at 16.6% (APEDA). Plan Ramadan stock early.",
/markets/usa/,market,import from india to usa,usa import regulations from india; documents to import into usa from india; shipping from india to usa; indian exporters for usa; usa import requirements food; india usa trade,What is FSVP and does it affect me as the exporter? | Is Seafood HACCP required for shrimp shipments? | How closely does the US test for residues and contaminants? | How long does shipping to the US take? | Which Indian products have the strongest US demand?,commercial,USA,—,14,,,Export from India to the USA | Green Plus EXIM,"Import from India to USA | FDA, FSVP & US Ports","Importing from India to the United States — basmati rice, psyllium husk, guar gum and spice volumes, transit times, FDA/FSMA requirements and payment norms.","Import from India to USA: what India ships, FDA, FSVP and US Ports, documents and transit times. Find the right product and request a quote.",blog/product-country pages for specific products link here for regulations
/markets/east-asia/,market-region,import from india to east asia,india exports to east asia; shipping from india to east asia; east asia import from india,What is import from india to east asia? | How does import from india to east asia work? | Where can I find import from india to east asia? | What should I check about import from india to east asia? | Who can help with import from india to east asia?,commercial,East Asia,,15,,,Export from India to East Asia | Green Plus EXIM,"Import from India to East Asia | China, Japan & Korea","Green Plus EXIM ships red chilli, cumin, sesame and fish meal from India to China, Japan and the wider East Asian region.","Import from India to East Asia: what India ships, China, Japan and Korea, documents and transit times. Find the right product and request a quote.",
/products/oilseeds/groundnut-kernels/,product,groundnut kernels exporter india,groundnut kernels supplier india; groundnut kernels manufacturer india; groundnut kernels price india; indian groundnut kernels exporter; groundnut kernels export from india; bulk groundnut kernels india; peanut exporter india; hps groundnut india,Can India currently export groundnut kernels? | Why is groundnut kernels India's largest export line here? | What does HPS mean? | What size/count grades are available? | Do you test for aflatoxin? | How many tonnes of groundnut kernels fit in a container?,transactional,,,16,,,Groundnut Kernels Exporter from India | Green Plus EXIM,Groundnut Kernels Exporter India | HPS Bold & Java,"Indian groundnut (peanut) kernel exporter — HPS grades, sizing, packing, container loading, top Southeast Asian markets and current export-policy status. FOB/CIF quotes in 24 hours.","Groundnut kernels exporter India: HPS bold and Java kernels from Gujarat and Andhra Pradesh, counted per ounce, aflatoxin to your limit. Request a quote.",blog groundnut-indonesia; 2 groundnut country pages
/markets/china/,market,import from india to china,china import regulations from india; documents to import into china from india; shipping from india to china; indian exporters for china; china import requirements food; india china trade,Is GACC registration required before I can ship? | Why is China such a large market for red chilli and cumin? | Does China apply different residue limits than the EU or US? | How long does shipping to China take? | What about the sesame and fish meal trade specifically?,commercial,China,zh: 从印度进口,17,,,Export from India to China | Green Plus EXIM,Import from India to China | GACC Registration & Ports,"Importing from India to China — red chilli, cumin, fish meal and sesame volumes, transit times, GACC registration requirements and payment norms.","Import from India to China: what India ships, GACC Registration and Ports, documents and transit times. Find the right product and request a quote.",blog/product-country pages for specific products link here for regulations
/products/spices/cumin/,product,cumin seed exporter india,cumin seed supplier india; cumin seed manufacturer india; cumin seed price india; indian cumin seed exporter; cumin seed export from india; bulk cumin seed india; jeera exporter india; cumin seeds unjha,Is cumin freely exportable from India? | What's the difference between machine-clean and sortex-clean cumin? | What purity level should I order? | Why is China the top market for Indian cumin? | Where does Indian cumin come from? | How long does cumin store?,transactional,,,18,,,Cumin Seed Exporter from India (Jeera) | Green Plus EXIM,"Cumin Seed Exporter India | Jeera, Machine or Sortex Clean","Indian cumin seed (jeera) exporter — machine-clean and sortex grades, purity levels, packaging, container loading, top markets and FOB/CIF quotes in 24 hours.","Cumin seed exporter India: jeera from Gujarat and Rajasthan, machine-clean 98% or sortex-clean 99.5% purity, singles or splits. Request your quote.",blog cumin-china; 3 cumin country pages
/markets/iraq/,market,import from india to iraq,iraq import regulations from india; documents to import into iraq from india; shipping from india to iraq; indian exporters for iraq; iraq import requirements food; india iraq trade,Why is Iraq such a large basmati market? | Does Iraq buy through government tenders? | How long does shipping to Iraq take? | What documentation does chamber attestation involve? | What is import from india to iraq?,commercial,Iraq,ar: الاستيراد من الهند إلى العراق,19,,,Export from India to Iraq | Green Plus EXIM,Import from India to Iraq | Umm Qasr & Documents,"Importing from India to Iraq — basmati rice and banana volumes, Umm Qasr transit times, documentation and payment norms for Iraqi buyers.","Import from India to Iraq: what India ships, Umm Qasr and Documents, documents and transit times. Find the right product and request a quote.",blog/product-country pages for specific products link here for regulations
/markets/europe/,market-region,import from india to europe,india exports to europe; shipping from india to europe; europe import from india,What is import from india to europe? | How does import from india to europe work? | Where can I find import from india to europe? | What should I check about import from india to europe? | Who can help with import from india to europe?,commercial,Europe,,20,,,Export from India to Europe | Green Plus EXIM,Import from India to Europe | EU Rules & Ports,"Green Plus EXIM ships grapes, guar gum, psyllium husk, spices and dehydrated onion from India to the Netherlands, UK, Germany and the wider European market.","Import from India to Europe: what India ships, EU Rules and Ports, documents and transit times. Find the right product and request a quote.",
/products/fresh-vegetables/red-onion/,product,red onion exporter india,red onion supplier india; red onion manufacturer india; red onion price india; indian red onion exporter; red onion export from india; bulk red onion india; nashik onion exporter; fresh onion supplier india,Can India currently export onions? | What is a Minimum Export Price (MEP)? | Which onion variety does India export? | What size grades are available? | How many tonnes of onion fit in a container? | How long do Indian onions keep?,transactional,,,21,,,Red Onion Exporter from India (Nashik) | Green Plus EXIM,"Red Onion Exporter India | Nashik Red, Mesh-Packed","Indian red onion exporter — Nashik red, grades, mesh-bag packing, container loading, top markets, and current export-policy conditions. FOB/CIF quotes in 24 hours.","Red onion exporter India: Nashik red onion, size-graded and mesh-packed for Asian and Gulf markets, export terms confirmed per order. Request a quote.",blog red-onion-bangladesh; red onion bangladesh page
/products/grains-rice/basmati-rice/iraq/,product-country,basmati rice exporter india to iraq,import basmati rice from india to iraq; basmati rice supplier for iraq; basmati rice price iraq; indian basmati rice iraq,"Why is Iraq such a large basmati destination for India? | Does Iraq buy basmati through government tenders? | How long does shipping basmati to Iraq take, and does it need cold chain? | Why does documentation take longer for Iraq than for Gulf markets? | What basmati grade and aging does the Iraqi market expect?",transactional,Iraq,ar: أرز بسمتي من الهند إلى العراق,22,,,Basmati Rice Exporter: India to Iraq | Green Plus EXIM,Basmati Rice Exporter India to Iraq | 1121 to Umm Qasr,"1121 basmati rice exported from India to Iraq — dry-cargo logistics to Umm Qasr, government and private trade, chamber/consular documentation.","Basmati rice exporter India to Iraq: 1121 basmati for Iraqi importers, India's #3 basmati market at 11.2% (APEDA 2025-26). Request a CIF Umm Qasr quote.",
/products/oilseeds/psyllium-husk/,product,psyllium husk exporter india,psyllium husk supplier india; psyllium husk manufacturer india; psyllium husk price india; indian psyllium husk exporter; psyllium husk export from india; bulk psyllium husk india; isabgol exporter india; psyllium husk powder india,Can India currently export psyllium husk? | Why is the trade data described as 'broad category' rather than psyllium-specific? | Where does Indian psyllium husk come from? | What's the difference between whole husk and powder? | What is swell factor and why does it matter? | How many tonnes of psyllium husk fit in a container?,transactional,,,23,,,Psyllium Husk Exporter from India | Green Plus EXIM,Psyllium Husk Exporter India | Isabgol from Gujarat,"Indian psyllium husk (isabgol) exporter — mesh grades, purity, packing, container loading and top markets. FOB/CIF quotes in 24 hours.","Psyllium husk exporter India: isabgol husk from Gujarat and Rajasthan, cleaned and graded by purity and mesh for fibre manufacturers. Request a quote.",
/products/grains-rice/basmati-rice/uae/,product-country,basmati rice exporter india to uae,import basmati rice from india to uae; basmati rice supplier for uae; basmati rice price uae; indian basmati rice uae,Why is transit to the UAE so much faster than other basmati markets? | Is UAE basmati demand for local consumption or re-export? | Does the UAE expect the same basmati grade as Saudi Arabia? | What registration does packaged basmati need for the UAE? | What payment terms are typical for UAE basmati orders?,transactional,UAE,ar: مورد أرز بسمتي من الهند,24,,,Basmati Rice Exporter: India to the UAE | Green Plus EXIM,Basmati Rice Exporter India to UAE | 1121 Sella & Steam,"1121 basmati rice exported from India to the UAE — Jebel Ali&#39;s 3-6 day transit, re-export positioning, MOCCAE and municipality documentation.","Basmati rice exporter India to UAE: 1121 sella and steam basmati for Dubai distributors and re-export, 8.2% of India's basmati exports. Get a quote.",
/blog/dried-red-chilli-exporter-india-to-china/,blog,red chilli exporter india to china,import dried chilli from india to china; guntur chilli china; teja chilli export; byadgi chilli; asta colour chilli; 印度干辣椒,Why is China India's largest chilli market? | Which chilli variety should I order? | How is chilli quality specified? | Is GACC registration required for chilli specifically? | Does China test for residue or contamination? | Can you supply free samples before a bulk order?,commercial,China,zh: 印度干辣椒出口商,26,,,Dried Red Chilli Exporter to China | Green Plus EXIM,"Red Chilli Exporter India to China | Guntur, Byadgi, Teja","Importing dried red chilli from India to China — Guntur, Byadgi and Teja varieties, ASTA colour and SHU specification, GACC registration and volumes.","Red chilli exporter India to China: China is India's largest chilli market at USD 456m (2024). Guntur, Byadgi or Teja by ASTA colour and heat.",product-country page 301'd here (owner decision 1 Oct 2026)
/markets/indonesia/,market,import from india to indonesia,indonesia import regulations from india; documents to import into indonesia from india; shipping from india to indonesia; indian exporters for indonesia; indonesia import requirements food; india indonesia trade,Why is Indonesia India's largest groundnut kernel market? | Is halal certification required? | What is BPOM and how does it affect imports? | How long does shipping to Indonesia take? | What is import from india to indonesia?,commercial,Indonesia,id: impor dari India ke Indonesia,27,,,Export from India to Indonesia | Green Plus EXIM,"Import from India to Indonesia | BPOM, Halal & Ports","Importing from India to Indonesia — groundnut kernels, red chilli and dehydrated onion volumes, transit times, halal and BPOM requirements and payment norms.","Import from India to Indonesia: what India ships, BPOM, Halal and Ports, documents and transit times. Find the right product and request a quote.",blog/product-country pages for specific products link here for regulations
/products/oilseeds/guar-gum/,product,guar gum exporter india,guar gum supplier india; guar gum manufacturer india; guar gum price india; indian guar gum exporter; guar gum export from india; bulk guar gum india; guar gum powder india; guar gum manufacturer rajasthan,Can India currently export guar gum? | What's the difference between food-grade and industrial-grade guar gum? | Why does the EU require special testing for guar gum? | What mesh sizes are available? | Is guar gum demand tied to oil and gas? | How many tonnes of guar gum fit in a container?,transactional,,,28,,,Guar Gum Exporter from India | Green Plus EXIM,Guar Gum Powder Exporter India | Food & Industrial Grade,"Indian guar gum exporter — food, industrial and fracturing-fluid grades, mesh sizes, packing, container loading, top markets. FOB/CIF quotes in 24 hours.","Guar gum exporter India: refined and treated guar gum powder from Rajasthan, food grade or industrial grade by viscosity and mesh. Request specs.","blogs guar-usa, guar grades; guar country page"
/blog/guar-gum-food-vs-industrial-grade/,blog,guar gum food grade vs industrial grade,food grade guar gum specification; guar gum viscosity cps; guar gum e412 specification; oilfield guar gum grade; guar gum mesh size; fracking guar gum,Can industrial-grade guar gum be used in food? | Is food-grade guar gum more expensive? | What documentation applies to food-grade guar gum? | Why does industrial demand affect food-grade pricing? | How do I know which grade I need? | Why do two certificates show different viscosity for the same guar gum?,informational,,,29,,,Guar Gum: Food vs Industrial Grade | Green Plus EXIM,"Guar Gum Food vs Industrial Grade from India | cps, Mesh","The practical differences between food-grade and industrial-grade guar gum — purity, viscosity, applications and how to specify the right one for your order.","Guar gum food grade vs industrial grade from India: viscosity in cps, mesh, JECFA E412 purity limits and what oilfield buyers specify instead.","blog guar-usa (country query), product guar-gum — distinct"
/markets/vietnam/,market,import from india to vietnam,vietnam import regulations from india; documents to import into vietnam from india; shipping from india to vietnam; indian exporters for vietnam; vietnam import requirements food; india vietnam trade,Why does Vietnam import Indian fish meal? | What is groundnut kernel used for in Vietnam? | How long does shipping to Vietnam take? | Does India compete with Vietnam's own agricultural production? | What is import from india to vietnam?,commercial,Vietnam,vi: nhập khẩu từ Ấn Độ,30,,,Export from India to Vietnam | Green Plus EXIM,Import from India to Vietnam | Ho Chi Minh & Haiphong,"Importing from India to Vietnam — groundnut kernels, fish meal and red chilli volumes, transit times, documentation and payment norms.","Import from India to Vietnam: what India ships, Ho Chi Minh and Haiphong, documents and transit times. Find the right product and request a quote.",blog/product-country pages for specific products link here for regulations
/products/fresh-fruits/grapes/,product,grapes exporter india,grapes supplier india; grapes manufacturer india; grapes price india; indian grapes exporter; grapes export from india; bulk grapes india; thompson seedless grapes india; table grapes india,Which grape varieties does India export? | When is the Indian grape season? | What temperature do grapes ship at? | Why are SO₂ pads used? | Can you supply grapes in retail punnets? | How long does shipping take to Europe?,transactional,,,31,,,Grapes Exporter from India | Green Plus EXIM,Grapes Exporter India | Thompson & Flame Seedless,"Fresh table grape exporter from India — Thompson Seedless, Flame Seedless and Sonaka. Specs, packaging, cold chain, top markets and FOB/CIF quotes in 24 hours.","Grapes exporter India: Thompson and Flame Seedless table grapes from Nashik and Sangli, pre-cooled and reefer-shipped. Request an FOB or CIF quote.",
/products/spices/turmeric/,product,turmeric exporter india,turmeric supplier india; turmeric manufacturer india; turmeric price india; indian turmeric exporter; turmeric export from india; bulk turmeric india; turmeric finger india; curcumin content turmeric,"Is turmeric freely exportable from India? | What curcumin content should I specify? | Whole finger, or powder? | Which markets buy the most Indian turmeric? | How is turmeric packed for export? | How long does turmeric keep?",transactional,,,32,,,Turmeric Exporter from India (Curcuma) | Green Plus EXIM,"Turmeric Exporter India | Finger, Bulb, Powder by Curcumin","Indian turmeric exporter — finger and powder grades, curcumin content, packaging, container loading, top markets and FOB/CIF quotes in 24 hours.","Turmeric exporter India: whole finger, bulb, cut and powder graded by curcumin content, from Erode, Sangli and Nizamabad. Get a quote for your port.",
/markets/yemen/,market,import from india to yemen,yemen import regulations from india; documents to import into yemen from india; shipping from india to yemen; indian exporters for yemen; yemen import requirements food; india yemen trade,Is basmati rice really that large a market in Yemen? | Are there logistics complications shipping to Yemen right now? | What payment terms do you use for Yemen shipments? | Which Indian products move to Yemen in volume? | What is import from india to yemen?,commercial,Yemen,ar: الاستيراد من الهند إلى اليمن,33,,,Export from India to Yemen | Green Plus EXIM,"Import from India to Yemen | Aden, Hodeidah & Payment","Importing basmati rice and maize from India to Yemen — Aden/Hodeidah transit, documentation, payment norms and current logistics considerations.","Import from India to Yemen: what India ships, Aden, Hodeidah and Payment, documents and transit times. Find the right product and request a quote.",blog/product-country pages for specific products link here for regulations
/products/grains-rice/basmati-rice/yemen/,product-country,basmati rice exporter india to yemen,import basmati rice from india to yemen; basmati rice supplier for yemen; basmati rice price yemen; indian basmati rice yemen,"Does Yemen's logistics situation change what basmati grade or packaging you supply? | Why does documentation sequencing matter specifically for Yemen? | Is Yemen really a major basmati market, given the country's situation? | How do you handle payment given the banking environment? | What's the realistic transit time right now?",transactional,Yemen,ar: أرز بسمتي هندي لليمن,34,,,Basmati Rice Exporter: India to Yemen | Green Plus EXIM,Basmati Rice Exporter India to Yemen | Aden & Hodeidah,"1121 basmati rice exported from India to Yemen — packaging and documentation choices suited to current routing, grade preferences, Aden/Hodeidah shipment.",Basmati rice exporter India to Yemen: 1121 basmati with heavier packing and port-flexible documents for Aden or Hodeidah. Agree payment terms first.,
/blog/groundnut-kernels-exporter-india-indonesia/,blog,groundnut exporter india to indonesia,import peanuts from india to indonesia; groundnut kernels indonesia; hps groundnut java; kacang tanah india; groundnut aflatoxin indonesia; groundnut tanjung priok,"How dominant is Southeast Asia in this trade? | What groundnut grades are available? | Is aflatoxin testing important for groundnut? | What does BPOM registration involve, and who arranges it? | Are there Indonesian requirements beyond BPOM registration? | What's the minimum order quantity?",commercial,Indonesia,id: pemasok kacang tanah dari India,36,,,Groundnut Kernels Exporter to Indonesia | Green Plus EXIM,Groundnut Exporter India to Indonesia | HPS Bold & Java,"Importing Indian groundnut (peanut) kernels to Indonesia — bold and Java grades, aflatoxin testing, BPOM requirements and why Southeast Asia dominates this trade.","Groundnut exporter India to Indonesia: HPS bold and Java kernels for Indonesian roasters, aflatoxin to spec, shipped to Tanjung Priok. Get a quote.",product-country page 301'd here (owner decision 1 Oct 2026)
/products/grains-rice/basmati-rice/usa/,product-country,basmati rice exporter india to usa,import basmati rice from india to usa; basmati rice supplier for usa; basmati rice price usa; indian basmati rice usa,How is the US basmati market different from Middle East demand? | What does FSVP mean for a basmati order? | Why is transit to the US so much longer than to Gulf markets? | Does US import scrutiny affect basmati specifically? | What packaging format works best for US retail/foodservice buyers?,transactional,USA,—,37,,,Basmati Rice Exporter: India to the USA | Green Plus EXIM,Basmati Rice Exporter India to USA | 1121 & Retail Packs,"1121 basmati rice exported from India to the United States — FDA/FSVP documentation, ethnic-grocery and foodservice channels, long-transit inventory planning.","Basmati rice exporter India to USA: 1121 basmati in bulk or retail packs for US distributors, India's #6 basmati market at 5.0%. Request a quote.",
/products/pulses/chickpeas/,product,chickpeas exporter india,chickpeas supplier india; chickpeas manufacturer india; chickpeas price india; indian chickpeas exporter; chickpeas export from india; bulk chickpeas india; kabuli chana exporter india; desi chana supplier,Can India currently export chickpeas? | Is chickpea export policy volatile like onion? | What's the difference between Kabuli and Desi chickpeas? | Which markets buy the most Indian chickpeas? | How many tonnes of chickpeas fit in a container? | How long do chickpeas store?,transactional,,,38,,,Chickpeas Exporter from India | Green Plus EXIM,"Chickpeas Exporter India | Kabuli and Desi, Sized, Cleaned","Indian chickpeas exporter — Kabuli and Desi grades, sizing, packing, container loading, top markets and current export-policy status. FOB/CIF quotes in 24 hours.","Chickpeas exporter India: kabuli and desi chickpeas, sized by count or mm, cleaned and container-loaded from India's pulse belt. Request your quote.","blogs chickpeas-uae, kabuli-vs-desi (different queries)"
/blog/kabuli-vs-desi-chickpeas-buyer-guide/,blog,kabuli vs desi chickpeas,kabuli chickpea sizes; chickpea count per ounce; desi chana vs kabuli chana; chickpea grades india; kabuli 42-44 count; chana dal export,Which type is more expensive? | What does '42-44 count' mean? | Can desi chickpeas be used whole? | What moisture level should I specify? | Do kabuli and desi come from different growing regions? | Should I specify kabuli by count per ounce or by millimetre?,informational,,,39,,,Kabuli vs Desi Chickpeas: Buyer Guide | Green Plus EXIM,Kabuli vs Desi Chickpeas from India | Sizes & Grades,"The practical differences between kabuli and desi chickpeas for importers — size, count grading, moisture specification and how to choose the right type.","Kabuli vs desi chickpeas from India: kabuli is sized by count per ounce or mm, desi sold whole, as chana dal or besan. Pick the right grade first.",blog chickpeas-uae links here for grade detail
/markets/malaysia/,market,import from india to malaysia,malaysia import regulations from india; documents to import into malaysia from india; shipping from india to malaysia; indian exporters for malaysia; malaysia import requirements food; india malaysia trade,Which Indian products does Malaysia import most? | Is halal certification required? | How long is transit to Malaysia? | Does Malaysia re-export to other Southeast Asian markets? | What regulates food safety in Malaysia?,commercial,Malaysia,ms: import dari India ke Malaysia,40,,,Export from India to Malaysia | Green Plus EXIM,Import from India to Malaysia | Halal & Port Klang,"Importing from India to Malaysia — onion, groundnut and spice volumes, Port Klang transit times, halal and SIRIM requirements, documentation and payment norms.","Import from India to Malaysia: what India ships, Halal and Port Klang, documents and transit times. Find the right product and request a quote.",blog/product-country pages for specific products link here for regulations
/markets/nepal/,market,import from india to nepal,nepal import regulations from india; documents to import into nepal from india; shipping from india to nepal; indian exporters for nepal; nepal import requirements food; india nepal trade,Does trade with Nepal move by land or sea? | Is Indian currency accepted in Nepal? | What does the India–Nepal Trade Treaty cover? | Which Indian products lead the trade to Nepal? | What is import from india to nepal?,commercial,Nepal,ne: भारतबाट आयात,41,,,Export from India to Nepal | Green Plus EXIM,"Import from India to Nepal | Birgunj, Raxaul & Rail","Importing from India to Nepal — maize, cumin and coriander volumes, land-border transit, documentation and payment norms for Nepali buyers.","Import from India to Nepal: what India ships, Birgunj, Raxaul and Rail, documents and transit times. Find the right product and request a quote.",blog/product-country pages for specific products link here for regulations
/products/animal-feed/fish-meal/,product,fish meal exporter india,fish meal supplier india; fish meal manufacturer india; fish meal price india; indian fish meal exporter; fish meal export from india; bulk fish meal india; fishmeal supplier india; fish meal 65 protein,Is Indian fish meal suitable for shrimp feed? | What protein level should I specify? | Is this the same as fish meal for poultry or cattle feed? | How is Indian fish meal produced? | How much fish meal fits in a container? | Do you test for histamine or TVN?,transactional,,,42,,,Fish Meal Exporter from India | Green Plus EXIM,Fish Meal Exporter India | 60%+ Protein for Aquafeed,"Indian fish meal exporter — protein specs, aquaculture feed grade, packaging, container loading, top markets (China, Vietnam) and FOB/CIF quotes in 24 hours.",Fish meal exporter India: steam-dried fish meal at 60% and 65% minimum crude protein for aquaculture and poultry feed mills. Request specs and a quote.,blog fish-meal-vietnam; fish meal china page
/products/oilseeds/dehydrated-onion/,product,dehydrated onion exporter india,dehydrated onion supplier india; dehydrated onion manufacturer india; dehydrated onion price india; indian dehydrated onion exporter; dehydrated onion export from india; bulk dehydrated onion india; onion powder exporter india; dehydrated onion flakes,Is dehydrated onion subject to the same export restrictions as fresh onion? | What forms of dehydrated onion do you supply? | Which markets buy the most Indian dehydrated onion? | How does dehydrated onion compare in value to fresh garlic exports? | How many tonnes of dehydrated onion fit in a container? | How long does dehydrated onion keep?,transactional,,,43,,,Dehydrated Onion Exporter from India | Green Plus EXIM,"Dehydrated Onion Exporter India | Flakes, Granules, Powder","Indian dehydrated onion exporter — kibbled, flakes, granules and powder, packing, container loading, top markets, and how it differs from fresh-onion export policy. FOB/CIF quotes in 24 hours.","Dehydrated onion exporter India: kibbled, flakes, minced, granules and powder in white or light-golden colour, mesh to order. Request your quote.","blogs onion-brazil, dehydrated-vs-fresh (different queries)"
/blog/dehydrated-onion-vs-fresh-onion-mep/,blog,dehydrated onion vs fresh onion india,onion mep india; india onion export ban; dehydrated onion hs code 0712.20; fresh onion export policy india; onion export duty india; dehydrated onion substitute,"Is dehydrated onion guaranteed to never face export restrictions? | Can dehydrated onion substitute for fresh in every application? | Is dehydrated onion cheaper than fresh, ton for ton? | Does dehydrated onion need any special import permits? | Can I switch from fresh to dehydrated mid-contract if policy changes? | Is there a Minimum Export Price on fresh onion today?",informational,,,44,,,Dehydrated vs Fresh Onion Export | Green Plus EXIM,"Dehydrated vs Fresh Onion from India | MEP, Export Rules","Why dehydrated onion avoids the Minimum Export Price and policy volatility that affects fresh onion exports from India, and how to decide which form suits your business.",Dehydrated vs fresh onion from India: fresh onion (0703.10) faced MEPs and a near five-month ban; dehydrated (0712.20) did not. Choose the safer line.,blog onion-brazil (country query) — distinct
/blog/red-onion-exporter-from-india-bangladesh/,blog,red onion exporter india to bangladesh,import onion from india to bangladesh; nashik onion bangladesh; onion mep bangladesh; onion benapole; onion chattogram; পেঁয়াজ আমদানি ভারত,Why does Bangladesh depend so heavily on Indian onion? | Is Indian onion export currently restricted? | What happens to my order if India's onion policy changes mid-negotiation? | Should I ship by sea or overland? | What size grade should I order? | How is onion packed for export?,commercial,Bangladesh,bn: ভারত থেকে পেঁয়াজ আমদানি,46,,,Red Onion Exporter to Bangladesh | Green Plus EXIM,"Red Onion Exporter India to Bangladesh | Nashik, 40–80mm","Importing red onion from India to Bangladesh — volumes, size grades, land vs sea routing, documentation and the Indian export-policy conditions that affect pricing.","Red onion exporter India to Bangladesh: Bangladesh takes about a third of India's onion exports. Nashik red, 40–80mm, by land or sea. Check MEP first.",product-country page 301'd here (owner decision 1 Oct 2026)
/products/spices/cardamom/,product,cardamom exporter india,cardamom supplier india; cardamom manufacturer india; cardamom price india; indian cardamom exporter; cardamom export from india; bulk cardamom india; green cardamom exporter; elaichi exporter india,Is cardamom freely exportable from India? | Why is the Gulf such a large market for Indian cardamom? | What size grade should I order? | Why is cardamom priced so much higher than other spices? | How is cardamom harvested? | How should cardamom be stored?,transactional,,,47,,,Cardamom Exporter from India | Green Plus EXIM,"Green Cardamom Exporter India | Size-Graded, from Kerala","Indian small green cardamom exporter — bold and AGS grades, size sorting, packaging, container loading, top markets and FOB/CIF quotes in 24 hours.","Cardamom exporter India: small green cardamom from Kerala's Idukki hills, size-graded from 8mm bold down. Ask for grade samples and a quote.",blog cardamom-gcc; cardamom uae page
/markets/sri-lanka/,market,import from india to sri lanka,sri lanka import regulations from india; documents to import into sri lanka from india; shipping from india to sri lanka; indian exporters for sri lanka; sri lanka import requirements food; india sri lanka trade,How long does shipping to Sri Lanka take? | What does the India–Sri Lanka FTA cover? | Which Indian products lead the trade to Sri Lanka? | Should I be aware of any payment considerations? | What is import from india to sri lanka?,commercial,Sri Lanka,si: ඉන්දියාවෙන් ආනයනය,48,,,Export from India to Sri Lanka | Green Plus EXIM,"Import from India to Sri Lanka | Colombo, Documents","Importing from India to Sri Lanka — red chilli, chickpeas and maize volumes, Colombo transit times, documentation and payment norms.","Import from India to Sri Lanka: what India ships, Colombo Port and Documents, documents and transit times. Find the right product and request a quote.",blog/product-country pages for specific products link here for regulations
/markets/germany/,market,import from india to germany,germany import regulations from india; documents to import into germany from india; shipping from india to germany; indian exporters for germany; germany import requirements food; india germany trade,Why does Germany import so much psyllium husk? | Does Germany follow the same rules as other EU countries? | How long does shipping to Germany take? | What quality documentation should I prepare for German buyers? | What is import from india to germany?,commercial,Germany,de: Import aus Indien nach Deutschland,49,,,Export from India to Germany | Green Plus EXIM,Import from India to Germany | EU Rules & Hamburg,"Importing from India to Germany — psyllium husk, guar gum, dehydrated onion and turmeric volumes, Hamburg transit times, EU food rules and payment norms.","Import from India to Germany: what India ships, EU Rules and Hamburg, documents and transit times. Find the right product and request a quote.",blog/product-country pages for specific products link here for regulations
/products/oilseeds/psyllium-husk/usa/,product-country,psyllium husk exporter india to usa,import psyllium husk from india to usa; psyllium husk supplier for usa; psyllium husk price usa; indian psyllium husk usa,Is the USD 166 million figure specific to psyllium husk? | What is US-bound psyllium husk typically used for? | Does psyllium husk face the same FDA scrutiny as spices or groundnut? | How long does shipping to the US take? | What purity and swell factor does the US market expect?,transactional,USA,—,50,,,Psyllium Husk Exporter: India to the USA | Green Plus EXIM,Psyllium Husk Exporter India to USA | Isabgol for Fibre,"Indian psyllium husk (isabgol) exporter to the United States — dietary-fibre supplement grade, FDA/FSVP documentation, transit and FOB/CIF quotes.","Psyllium husk exporter India to USA: isabgol husk and powder for US fibre-supplement makers, graded by purity and mesh. Request specs and a CIF quote.",
/markets/netherlands/,market,import from india to netherlands,netherlands import regulations from india; documents to import into netherlands from india; shipping from india to netherlands; indian exporters for netherlands; netherlands import requirements food; india netherlands trade,Why does so much Indian produce route through the Netherlands? | What is TRACES and do I need to use it? | How strict is EU pesticide residue enforcement? | How long does shipping to Rotterdam take? | Can Netherlands import data represent onward EU distribution?,commercial,Netherlands,nl: importeren uit India naar Nederland,51,,,Export from India to the Netherlands | Green Plus EXIM,Import from India to Netherlands | EU Rules & Rotterdam,"Importing from India to the Netherlands — grapes, guar gum and spice volumes, Rotterdam transit times, EU food import rules and payment norms.","Import from India to Netherlands: what India ships, EU Rules and Rotterdam, documents and transit times. Find the right product and request a quote.",blog/product-country pages for specific products link here for regulations
/products/fresh-fruits/mango/,product,mango exporter india,mango supplier india; mango manufacturer india; mango price india; indian mango exporter; mango export from india; bulk mango india; alphonso mango exporter india; kesar mango export,What is the difference between Alphonso and Kesar mango? | When is Indian mango available? | Does Indian mango ship by air or sea? | Can you supply mango to the United States? | Why do UAE/Saudi orders cost less per kilogram than UK/Germany orders? | What packaging do you use?,transactional,,,52,,,Alphonso Mango Exporter from India | Green Plus EXIM,"Mango Exporter India | Alphonso, Kesar by Air or Sea","Indian mango exporter — Alphonso and Kesar varieties, grades, packaging, container/air-freight options, top markets and FOB/CIF quotes in 24 hours.","Mango exporter India: Alphonso and Kesar from Maharashtra and Gujarat, graded and packed for air or sea freight in season. Book your season volume.",blog alphonso-mango-exporter-india-uk (country query)
/products/pulses/masoor-lentils/,product,masoor lentils exporter india,masoor lentils supplier india; masoor lentils manufacturer india; masoor lentils price india; indian masoor lentils exporter; masoor lentils export from india; bulk masoor lentils india; red lentils exporter india; masoor dal exporter,"Can India currently export masoor/lentils? | Isn't India a lentil importer, not an exporter? | Why is Bangladesh such a large share of your masoor exports? | Whole or split masoor — what's the difference? | How many tonnes of masoor fit in a container? | What is the minimum order for masoor?",transactional,,,53,,,Masoor Lentils Exporter from India | Green Plus EXIM,Masoor Lentils Exporter India | Whole & Split Red Lentil,"Indian masoor (red lentil) exporter — whole and split, sizing, packing, container loading, top markets and current export-policy status. FOB/CIF quotes in 24 hours.","Masoor lentils exporter India: whole masoor and split masoor dal, cleaned and graded for South Asian and Gulf buyers. Send your grade and port for a quote.",blog masoor-bangladesh; masoor bangladesh page
/products/grains-rice/maize/,product,maize exporter india,maize supplier india; maize manufacturer india; maize price india; indian maize exporter; maize export from india; bulk maize india; feed corn india; yellow maize exporter,Can India currently export maize? | Why does India's ethanol policy matter for maize buyers? | Which markets buy the most Indian maize? | Is Indian maize feed-grade or food-grade? | How is maize shipped to Nepal? | What is the minimum order for maize?,transactional,,,54,,,Maize / Feed Corn Exporter from India | Green Plus EXIM,Maize Exporter India | Feed Corn for South Asian Buyers,"Indian maize (corn) exporter — feed-grade specifications, bulk and bagged loading, regional South Asian markets, and current export-policy status. FOB/CIF quotes in 24 hours.","Maize exporter India: feed-grade maize for Nepal, Sri Lanka, Bangladesh and Bhutan buyers, by road, rail or short sea. Confirm policy and get a quote.",
/markets/united-kingdom/,market,import from india to uk,uk import regulations from india; documents to import into uk from india; shipping from india to uk; indian exporters for uk; uk import requirements food; india uk trade,Does the UK still follow EU import rules? | What products does the UK buy most from India? | How long does shipping to the UK take? | Are UK residue limits the same as the EU's? | Is mango shipped by sea or air to the UK?,commercial,UK,—,55,,,Export from India to the United Kingdom | Green Plus EXIM,Import from India to UK | UK Rules & Felixstowe,"Importing from India to the UK — cumin, red chilli, mango and psyllium husk volumes, Felixstowe transit times, post-Brexit import rules and payment norms.","Import from India to UK: what India ships, UK Rules and Felixstowe, documents and transit times. Find the right product and request a quote.",blog/product-country pages for specific products link here for regulations
/blog/india-cumin-seed-exporter-china/,blog,cumin seed exporter india to china,import cumin from india to china; cumin gacc registration; sortex cumin 99.5; 印度孜然; cumin price china; jeera export china,How large is the China-India cumin trade relative to other markets? | What specification matters most for cumin? | Is GACC registration required for cumin imports? | Does India dominate world cumin trade the way it does basmati rice? | What documentation accompanies a cumin shipment to China? | Can I get a sample before ordering a full container?,commercial,China,zh: 印度孜然出口商,57,,,Indian Cumin Seed Exporter to China | Green Plus EXIM,Cumin Seed Exporter India to China | Sortex 99.5% Purity,"Importing Indian cumin seeds to China — specifications, volumes, GACC requirements and how India&#39;s cumin export trade compares across markets.","Cumin seed exporter India to China: China took USD 141m of Indian cumin in 2024. Machine-clean 98% or sortex 99.5%, with GACC rules covered. Get a quote.",product-country page 301'd here (owner decision 1 Oct 2026)
/blog/cardamom-exporter-india-gcc/,blog,cardamom exporter india to gcc,green cardamom saudi arabia; cardamom 8mm bold; ageb cardamom; cardamom for qahwa; import cardamom from india to dubai; هيل هندي,"Why does the Gulf dominate Indian cardamom trade so heavily? | How is cardamom graded? | Why is cardamom so much more expensive than other spices by weight? | Which Indian region produces the cardamom Green Plus EXIM exports? | Does the same documentation cover Saudi Arabia, Kuwait, Iraq and Oman as well as the UAE? | What's the minimum order quantity?",commercial,GCC,ar: مورد هيل من الهند,58,,,Cardamom Exporter from India to the GCC | Green Plus EXIM,"Cardamom Exporter India to GCC | 8mm Bold, AGEB, AGS","Importing Indian green cardamom to the Gulf — grading, volumes, why the GCC dominates this high-value spice trade, and documentation for UAE and Saudi buyers.","Cardamom exporter India to the GCC: 8mm bold, AGEB and AGS green cardamom for Saudi, UAE and Kuwait buyers, the qahwa trade's core grades. Ask for samples.",product-country cardamom/uae (UAE-only) — distinct
/products/spices/red-chilli/usa/,product-country,red chilli exporter india to usa,import red chilli from india to usa; red chilli supplier for usa; red chilli price usa; indian red chilli usa,Does the FDA scrutinise chilli imports more closely than other spices? | What does FSVP mean for a US chilli order? | What variety and form do US buyers typically order? | How long does shipping chilli to the US take? | Should I test before shipping or rely on US-side testing at entry?,transactional,USA,—,59,,,Red Chilli Exporter: India to the USA | Green Plus EXIM,Red Chilli Exporter India to USA | Whole & Crushed,"Dried Indian red chilli exported to the United States — FDA import-alert testing, aflatoxin and Salmonella screening, FSVP documentation.","Red chilli exporter India to USA: whole, stemless and crushed dried chilli for US spice processors, graded by ASTA colour and heat. Request a quote.",
/blog/fresh-grapes-exporter-from-india-netherlands/,blog,grapes exporter india to netherlands,import grapes from india to netherlands; thompson seedless rotterdam; indian grapes eu residue; traces nt grapes; flame seedless netherlands; druiven uit india,Why does grape trade concentrate through the Netherlands? | What varieties are available? | How strict is EU pesticide residue enforcement? | Can grapes survive an 18-24 day transit? | What is TRACES NT and who manages it? | What's the minimum order quantity?,commercial,Netherlands,nl: druiven uit India importeren,60,,,Grapes Exporter to the Netherlands | Green Plus EXIM,Indian Grapes Exporter to Netherlands | Thompson & Flame,"Importing Indian table grapes to the Netherlands — Thompson and Flame Seedless varieties, cold-chain requirements, TRACES documentation and EU residue limits.","Grapes exporter India to Netherlands: the Netherlands takes ~39% of India's grape exports. Thompson and Flame Seedless to Rotterdam, planned to EU MRLs.",
/markets/africa/,market-region,import from india to africa,india exports to africa; shipping from india to africa; africa import from india,What is import from india to africa? | How does import from india to africa work? | Where can I find import from india to africa? | What should I check about import from india to africa? | Who can help with import from india to africa?,commercial,Africa,,61,,,Export from India to Africa | Green Plus EXIM,Import from India to Africa | East & North Africa,"Green Plus EXIM ships soybean meal, rice, spices and organic manure from India to Kenya and the wider East and West African market.","Import from India to Africa: what India ships, East and North Africa, documents and transit times. Find the right product and request a quote.",
/products/spices/red-chilli/bangladesh/,product-country,red chilli exporter india to bangladesh,import red chilli from india to bangladesh; red chilli supplier for bangladesh; red chilli price bangladesh; indian red chilli bangladesh,Sea or land — which route makes sense for a chilli order to Bangladesh? | Does SAFTA reduce duties on chilli shipments to Bangladesh? | Why does Bangladesh rely so heavily on Indian chilli? | Is letter-of-credit payment mandatory for Bangladesh orders? | What variety of chilli does the Bangladesh market prefer?,transactional,Bangladesh,bn: ভারত থেকে শুকনা মরিচ আমদানি,62,,,Red Chilli Exporter: India to Bangladesh | Green Plus EXIM,"Red Chilli Exporter India to Bangladesh | Whole, Stemless","Dried Indian red chilli exported to Bangladesh — sea and land-port routing, LC-dominated payment, SAFTA preferential tariffs.","Red chilli exporter India to Bangladesh: dried whole and stemless chilli for Bangladeshi traders, by land via Benapole or sea to Chattogram. Get a quote.",
/products/oilseeds/groundnut-kernels/vietnam/,product-country,groundnut exporter india to vietnam,import groundnut from india to vietnam; groundnut supplier for vietnam; groundnut price vietnam; indian groundnut vietnam,Why would Vietnam import groundnut kernels when it produces its own? | Is the documentation simpler for Vietnam than Indonesia? | What's groundnut kernel typically used for in Vietnam? | How long does shipping to Vietnam take? | How does Vietnam compare to Indonesia as a groundnut market?,transactional,Vietnam,vi: nhà cung cấp lạc nhân Ấn Độ,63,,,Groundnut Kernels: India to Vietnam | Green Plus EXIM,Groundnut Exporter India to Vietnam | HPS Kernels,"Indian HPS groundnut kernel exporter to Vietnam — India&#39;s second-largest market for this product. Ho Chi Minh City transit, documentation, FOB/CIF quotes.","Groundnut exporter India to Vietnam: HPS bold and Java kernels for Vietnamese processors, aflatoxin to spec, shipped to Cat Lai or Haiphong. Get a quote.",
/markets/russia/,market,import from india to russia,russia import regulations from india; documents to import into russia from india; shipping from india to russia; indian exporters for russia; russia import requirements food; india russia trade,"What does Russia import from India, based on your data? | Is there a special requirement for guar gum shipments to Russia? | How has payment for Russia trade changed since 2022? | How long does shipping to Russia take? | What is import from india to russia?",commercial,Russia,ru: импорт из Индии в Россию,64,,,Export from India to Russia | Green Plus EXIM,Import from India to Russia | Novorossiysk & Documents,"Importing guar gum, groundnut kernels and dehydrated onion from India to Russia — transit times, documentation, sanctions-era payment considerations.","Import from India to Russia: what India ships, Novorossiysk and Documents, documents and transit times. Find the right product and request a quote.",blog/product-country pages for specific products link here for regulations
/products/fresh-vegetables/dried-ginger/,product,dried ginger exporter india,dried ginger supplier india; dried ginger manufacturer india; dried ginger price india; indian dried ginger exporter; dried ginger export from india; bulk dried ginger india; dry ginger india; ginger powder exporter india,"Is fresh ginger available, or only dried? | What's the difference between unbleached and bleached dried ginger? | Why does Bangladesh buy such large volumes at a lower price than the US or EU? | Can you supply ginger powder specifically? | How much dried ginger fits in a container? | When is dried ginger available?",transactional,,,65,,,Dried Ginger Exporter from India | Green Plus EXIM,"Dried Ginger Exporter India | Unbleached, Bleached, Powder","Indian dried ginger exporter — unbleached, bleached and powder forms, grades, packaging, container loading, top markets and FOB/CIF quotes in 24 hours.","Dried ginger exporter India: unbleached, bleached and powder forms from Kerala, Karnataka and the North East. Tell us your form and volume for a quote.",
/blog/guar-gum-exporter-india-usa/,blog,guar gum exporter india to usa,import guar gum from india to usa; guar gum houston; guar gum fda gras; oilfield guar gum usa; food grade guar gum usa; guar gum powder usa,What's the difference between food-grade and industrial-grade guar gum? | Why does US demand fluctuate? | How is viscosity specified? | What documentation is needed for US import? | Which other markets buy significant Indian guar gum? | What's the minimum order quantity?,commercial,USA,—,67,,,Guar Gum Exporter from India to the USA | Green Plus EXIM,Guar Gum Exporter India to USA | Food & Oilfield Grades,"Importing guar gum powder from India to the USA — food grade vs industrial grade, viscosity specification, volumes and why the US leads Indian guar gum demand.",Guar gum exporter India to USA: the US took USD 95.9m of India's guar gum in 2024. Food grade under 21 CFR 184.1339 or oilfield grade to Houston.,product-country page 301'd here (owner decision 1 Oct 2026)
/products/animal-feed/fish-meal/china/,product-country,fish meal exporter india to china,import fish meal from india to china; fish meal supplier for china; fish meal price china; indian fish meal china,Why is China India's largest fish meal market? | Does GACC registration apply to fish meal specifically? | Does China test fish meal to different limits than other markets? | What protein grade does the Chinese aquaculture market typically want? | How long does shipping to China take?,transactional,China,zh: 印度鱼粉出口商,68,,,Fish Meal Exporter: India to China | Green Plus EXIM,Fish Meal Exporter India to China | 60%+ Protein Feed,"Indian aquaculture-grade fish meal exporter to China — India&#39;s largest market for this product. GACC registration, transit, FOB/CIF quotes.","Fish meal exporter India to China: 60–65% protein fish meal for Chinese feed mills, with GACC registration rules explained. Request specs and a CIF quote.",
/products/spices/cumin/bangladesh/,product-country,cumin seed exporter india to bangladesh,import cumin seed from india to bangladesh; cumin seed supplier for bangladesh; cumin seed price bangladesh; indian cumin seed bangladesh,Why does Bangladesh buy so much Indian cumin specifically? | Can I combine a cumin order with other spices for the same Bangladesh shipment? | Sea or land route for cumin to Bangladesh? | What cumin grade does the Bangladesh market expect? | Does SAFTA apply to cumin shipments?,transactional,Bangladesh,bn: ভারত থেকে জিরা আমদানি,69,,,Cumin Seed Exporter: India to Bangladesh | Green Plus EXIM,Cumin Seed Exporter India to Bangladesh | Land & Sea,"Indian cumin seed (jeera) exported to Bangladesh — proximity-driven supply, sea/land routing, LC payment culture, part of a wider staple-spice basket.","Cumin seed exporter India to Bangladesh: machine-clean jeera by road via Benapole or by sea to Chattogram, for Dhaka traders. Request your quote.",
/blog/masoor-lentils-exporter-india-bangladesh/,blog,masoor lentils exporter india to bangladesh,import masoor dal from india to bangladesh; red lentils bangladesh; masoor benapole; masoor chattogram; split masoor dal; lentil import bangladesh,Why is Bangladesh such a dominant market for Indian masoor? | Does India grow enough masoor to be a pure exporter? | What specification applies to masoor? | Is masoor shipped by sea or land to Bangladesh? | What other markets buy Indian masoor? | Can I get samples before committing to a container order?,commercial,Bangladesh,bn: ভারত থেকে মসুর ডাল আমদানি,71,,,Masoor Lentils Exporter to Bangladesh | Green Plus EXIM,"Masoor Lentils Exporter India to Bangladesh | Whole, Dal","Importing red lentils (masoor) from India to Bangladesh — volumes, specification, packaging and why this is effectively a Bangladesh-anchored product line.","Masoor lentils exporter India to Bangladesh: whole masoor or split dal, by road via Petrapole–Benapole or sea to Chattogram. Request your quote.",product-country page 301'd here (owner decision 1 Oct 2026)
/products/spices/cumin/uae/,product-country,cumin seed exporter india to uae,import cumin seed from india to uae; cumin seed supplier for uae; cumin seed price uae; indian cumin seed uae,"Is cumin bought in the UAE actually consumed there, or re-exported? | What purity grade does the UAE market expect? | How fast is shipping to the UAE? | Does cumin need Halal certification for the UAE? | How does UAE cumin demand compare to China's?",transactional,UAE,ar: مورد كمون من الهند,72,,,Cumin Seed Exporter: India to UAE | Green Plus EXIM,Cumin Seed Exporter India to UAE | Jeera to Jebel Ali,"Indian cumin seed (jeera) exporter to the UAE — Jebel Ali transit, re-export considerations, documentation, FOB/CIF quotes in 24 hours.","Cumin seed exporter India to UAE: machine-clean and sortex jeera for Dubai re-exporters and processors, shipped to Jebel Ali in days. Request a quote.",
/products/grains-rice/maize/nepal/,product-country,maize exporter india to nepal,import maize from india to nepal; maize supplier for nepal; maize price nepal; indian maize nepal,"Why is Nepal such a dominant destination for Indian maize? | Does maize move by sea at all for Nepal, or is it entirely overland? | Is bulk or bagged maize more common on this route? | Does India's ethanol policy affect maize availability for Nepal specifically? | Does INR acceptance really simplify things?",transactional,Nepal,ne: भारतबाट मकै आयात,73,,,Maize Exporter: India to Nepal | Green Plus EXIM,Maize Exporter India to Nepal | Feed Corn by Road & Rail,"Indian feed-grade maize exporter to Nepal — roughly two-thirds of India&#39;s maize export volume. Overland routing, INR settlement, FOB/CIF quotes.","Maize exporter India to Nepal: feed-grade maize for Nepali feed mills, moved overland by road or rail through the border crossings. Request a quote.",
/products/spices/cardamom/uae/,product-country,cardamom exporter india to uae,import cardamom from india to uae; cardamom supplier for uae; cardamom price uae; indian cardamom uae; green cardamom dubai,"Why is the Gulf, and the UAE specifically, so dominant for Indian cardamom? | Does cardamom's high value change how shipments are structured versus bulkier products? | What size grade does the UAE market prefer? | Is UAE cardamom demand purely domestic, or does re-export play a role? | How should cardamom be packaged and stored for this route?",transactional,UAE,ar: مورد هيل من الهند,74,,,Cardamom Exporter: India to UAE | Green Plus EXIM,Cardamom Exporter India to UAE | Size-Graded Green Pods,"Indian small green cardamom exporter to the UAE — part of the Gulf&#39;s ~61% share of India&#39;s cardamom exports. Jebel Ali transit, grading, FOB/CIF quotes.","Cardamom exporter India to UAE: size-graded small green cardamom for Dubai traders and re-exporters, shipped to Jebel Ali in days. Ask for grade samples.",blog cardamom-exporter-india-gcc (GCC regional query; keep UAE-specific)
/products/spices/coriander/,product,coriander seed exporter india,coriander seed supplier india; coriander seed manufacturer india; coriander seed price india; indian coriander seed exporter; coriander seed export from india; bulk coriander seed india; dhaniya exporter india; coriander seeds bulk,Is coriander seed freely exportable from India? | What purity grade should I order? | Why are Malaysia and the UAE such large markets? | What's the difference between whole and split coriander? | Can coriander seed be supplied for planting/seed use? | How long does coriander seed store?,transactional,,,75,,,Coriander Seed Exporter from India | Green Plus EXIM,Coriander Seed Exporter India | Machine-Clean Grades,"Indian coriander seed exporter — machine-clean grades, purity and volatile oil content, packaging, container loading, top markets and FOB/CIF quotes.","Coriander seed exporter India: machine-clean seed from Rajasthan, Madhya Pradesh and Gujarat, graded by purity and split. Ask for specs and a quote.",
/markets/japan/,market,import from india to japan,japan import regulations from india; documents to import into japan from india; shipping from india to japan; indian exporters for japan; japan import requirements food; india japan trade,"What does Japan import most from India, based on your data? | Are Japan's quality standards really stricter than other markets? | How long does shipping to Japan take? | Is fish meal for human consumption or animal feed? | What payment terms are typical for Japan?",commercial,Japan,ja: インドからの輸入,76,,,Export from India to Japan | Green Plus EXIM,"Import from India to Japan | Yokohama, Kobe & Specs","Importing fish meal, sesame seeds and black pepper from India to Japan — Yokohama/Kobe transit, strict quality standards, documentation and payment norms.","Import from India to Japan: what India ships, Yokohama, Kobe and Specs, documents and transit times. Find the right product and request a quote.",blog/product-country pages for specific products link here for regulations
/products/spices/black-pepper/,product,black pepper exporter india,black pepper supplier india; black pepper manufacturer india; black pepper price india; indian black pepper exporter; black pepper export from india; bulk black pepper india; malabar pepper exporter; black pepper 550 gl,Is black pepper freely exportable from India? | Why isn't India the world's largest pepper exporter? | What does 'garbled' mean? | What bulk density should I specify? | Whole peppercorns or ground? | How long does black pepper store?,transactional,,,77,,,Black Pepper Exporter from India (Malabar) | Green Plus EXIM,Black Pepper Exporter India | Malabar Pepper from Kerala,"Indian black pepper exporter — Malabar garbled grades, bulk density specs, packaging, container loading, top markets and FOB/CIF quotes in 24 hours.","Black pepper exporter India: Malabar pepper from Kerala and Karnataka, graded by bulk density and size, with traceable lots. Ask for specs and a quote.",
/blog/turmeric-exporter-india-to-uae/,blog,turmeric exporter india to uae,import turmeric from india to uae; turmeric finger dubai; turmeric powder uae; curcumin content turmeric; turmeric jebel ali; كركم هندي,"Is the UAE really India's top turmeric market? | What curcumin content should I specify? | Which turmeric growing regions does Green Plus EXIM source from? | What form should I order — finger, split or powder? | What import requirements apply in the UAE? | How is curcumin content actually tested, and can labs disagree?",commercial,UAE,ar: مورد كركم من الهند,78,,,Turmeric Exporter from India to UAE | Green Plus EXIM,"Turmeric Exporter India to UAE | Finger, Bulb & Powder","Importing Indian turmeric to the UAE — curcumin content, grades, volumes, MOCCAE requirements and how UAE compares to Bangladesh as India&#39;s top turmeric market.","Turmeric exporter India to UAE: whole finger, bulb, split or powder graded by curcumin, shipped to Jebel Ali in 10–14 days. Request your quote.",
/markets/italy/,market,import from india to italy,italy import regulations from india; documents to import into italy from india; shipping from india to italy; indian exporters for italy; italy import requirements food; india italy trade,"What does Italy import most from India, based on your data? | Does Italy follow EU-wide import rules or its own? | How long does shipping to Italy take? | What payment terms are typical for Italy? | What is import from india to italy?",commercial,Italy,it: importare dall'India in Italia,79,,,Export from India to Italy | Green Plus EXIM,"Import from India to Italy | EU Rules, Genoa & La Spezia","Importing psyllium husk, guar gum and black pepper from India to Italy — Genoa/La Spezia transit, EU documentation and payment norms.","Import from India to Italy: what India ships, EU Rules, Genoa and La Spezia, documents and transit times. Find the right product and request a quote.",blog/product-country pages for specific products link here for regulations
/blog/fish-meal-exporter-india-vietnam/,blog,fish meal exporter india to vietnam,import fish meal from india to vietnam; fish meal 65 protein vietnam; fishmeal for aquafeed vietnam; indian fishmeal vs peru; fish meal cat lai; bột cá ấn độ,Why does Vietnam import so much fish meal? | What protein specification matters most? | Is fish meal tested for contamination? | How does Indian fish meal compare to Peruvian or other origins? | What packaging is used? | What documentation does Vietnam require?,commercial,Vietnam,vi: nhà cung cấp bột cá Ấn Độ,80,,,Indian Fish Meal Exporter to Vietnam | Green Plus EXIM,Fish Meal Exporter India to Vietnam | 60–65% Protein,"Importing fish meal from India to Vietnam&#39;s aquaculture sector — protein specification, volumes, testing and documentation for feed mill buyers.","Fish meal exporter India to Vietnam: 60% and 65% protein meal for Vietnamese aquafeed mills, shipped to Cat Lai or Haiphong. Compare with Peruvian.",
/blog/chickpeas-exporter-india-to-uae/,blog,chickpeas exporter india to uae,import chickpeas from india to uae; kabuli chickpeas dubai; chickpeas jebel ali; chana supplier uae; chickpeas price uae; حمص هندي,How diversified is India's chickpea export base? | What's the difference between kabuli and desi chickpeas? | Does India's chickpea export face the same policy restrictions as onion or rice? | What specification should I request? | Is fumigation required? | What's the minimum order quantity?,commercial,UAE,ar: مورد حمص من الهند,81,,,Chickpeas Exporter from India to UAE | Green Plus EXIM,"Chickpeas Exporter India to UAE | Kabuli, Desi, Jebel Ali","Importing kabuli and desi chickpeas from India to the UAE — grading, volumes, documentation and why India&#39;s chickpea export markets are unusually well diversified.","Chickpeas exporter India to UAE: kabuli and desi chickpeas for Dubai traders and processors, shipped to Jebel Ali in 5–8 days. Request your quote.",
/markets/latin-america/,market-region,import from india to latin america,india exports to latin america; shipping from india to latin america; latin america import from india,What is import from india to latin america? | How does import from india to latin america work? | Where can I find import from india to latin america? | What should I check about import from india to latin america? | Who can help with import from india to latin america?,commercial,Latin America,,82,,,Export from India to Latin America | Green Plus EXIM,Import from India to Latin America | Brazil & Beyond,Green Plus EXIM ships dehydrated onion and other Indian agricultural exports to Brazil and the wider Latin American market.,"Import from India to Latin America: what India ships, Brazil and Beyond, documents and transit times. Find the right product and request a quote.",
/markets/oman/,market,import from india to oman,oman import regulations from india; documents to import into oman from india; shipping from india to oman; indian exporters for oman; oman import requirements food; india oman trade,How long does shipping to Oman take? | Which Indian products does Oman import most? | Is Salalah useful for anything beyond Oman itself? | Is halal certification required? | What is import from india to oman?,commercial,Oman,ar: الاستيراد من الهند إلى عمان,83,,,Export from India to Oman | Green Plus EXIM,"Import from India to Oman | Sohar, Salalah & Halal","Importing from India to Oman — banana, mango and maize volumes, Sohar and Salalah transit times, documentation and payment norms.","Import from India to Oman: what India ships, Sohar, Salalah and Halal, documents and transit times. Find the right product and request a quote.",blog/product-country pages for specific products link here for regulations
/markets/kuwait/,market,import from india to kuwait,kuwait import regulations from india; documents to import into kuwait from india; shipping from india to kuwait; indian exporters for kuwait; kuwait import requirements food; india kuwait trade,"What does Kuwait import most from India, based on your data? | How long does shipping to Kuwait take? | Is halal certification required? | What currency and payment terms apply? | What is import from india to kuwait?",commercial,Kuwait,ar: الاستيراد من الهند إلى الكويت,84,,,Export from India to Kuwait | Green Plus EXIM,Import from India to Kuwait | Shuwaikh & Halal Documents,"Importing cardamom, mango, garlic and onion from India to Kuwait — Shuwaikh/Shuaiba transit times, documentation and payment norms.","Import from India to Kuwait: what India ships, Shuwaikh and Halal Documents, documents and transit times. Find the right product and request a quote.",blog/product-country pages for specific products link here for regulations
/blog/dehydrated-onion-exporter-india-brazil/,blog,dehydrated onion exporter india to brazil,import dehydrated onion from india to brazil; onion powder brazil; dehydrated onion santos; mapa import onion; cebola desidratada india; onion flakes brazil,"Why is dehydrated onion pricing more stable than fresh onion? | What forms are available, and which should I choose? | What's driving Brazilian demand? | What microbiological specification should I request? | How does dehydrated onion ship compared to fresh? | What import registration does a Brazilian buyer need?",commercial,Brazil,pt: cebola desidratada da Índia fornecedor,85,,,Dehydrated Onion Exporter to Brazil | Green Plus EXIM,Dehydrated Onion Exporter India to Brazil | Santos Route,"Importing dehydrated onion from India to Brazil — kibbled, minced and powder forms, volumes, specification and why dehydrated avoids fresh onion&#39;s export-policy complications.","Dehydrated onion exporter India to Brazil: Brazil took about 13,631 MT in 2024. Kibbled to powder, MAPA paperwork, shipped to Santos. Request a quote.",
/markets/uzbekistan/,market,import from india to uzbekistan,uzbekistan import regulations from india; documents to import into uzbekistan from india; shipping from india to uzbekistan; indian exporters for uzbekistan; uzbekistan import requirements food; india uzbekistan trade,"Why is Uzbekistan's shipping different from most of your markets? | What does Uzbekistan import from India, based on your data? | How long does shipping to Uzbekistan take? | What payment terms apply? | What is import from india to uzbekistan?",commercial,Uzbekistan,ru: импорт из Индии в Узбекистан,86,,,Export from India to Uzbekistan | Green Plus EXIM,Import from India to Uzbekistan | Routes & Documents,"Importing banana from India to Uzbekistan — overland/multimodal routing via Iran or the Caspian corridor, documentation and payment norms.","Import from India to Uzbekistan: what India ships, Routes and Documents, documents and transit times. Find the right product and request a quote.",blog/product-country pages for specific products link here for regulations
/markets/france/,market,import from india to france,france import regulations from india; documents to import into france from india; shipping from india to france; indian exporters for france; france import requirements food; india france trade,"What does France import most from India, based on your data? | Should French-speaking buyers look at this page or the Morocco page for spices? | Does France follow EU-wide import rules or its own? | How long does shipping to France take? | What is import from india to france?",commercial,France,fr: importer d'Inde en France,87,,,Export from India to France | Green Plus EXIM,Import from India to France | EU Rules & Le Havre,"Importing psyllium husk, squid/cuttlefish and oilcake from India to France — Le Havre/Marseille transit, EU documentation and payment norms.","Import from India to France: what India ships, EU Rules and Le Havre, documents and transit times. Find the right product and request a quote.",blog/product-country pages for specific products link here for regulations
/blog/alphonso-mango-exporter-india-uk/,blog,alphonso mango exporter india to uk,import alphonso mango from india to uk; alphonso mango uk season; kesar mango uk; mango hot water treatment uk; mango air freight india uk; ipaffs mango import,Does India ship mango to the UK by air or sea? | Why does the HS code include guava and mangosteen? | When is Alphonso mango available? | Why is UK/US mango pricing so much higher than Gulf mango pricing? | What is hot water treatment and do I need to ask for it? | What specification should I request?,commercial,UK,—,88,,,Alphonso Mango Exporter to the UK | Green Plus EXIM,Alphonso Mango Exporter India to UK | Air & Sea Freight,"Importing Alphonso mango from India to the UK — air freight vs sea, season, specification and why UK mango pricing differs sharply from Gulf mango pricing.","Alphonso mango exporter India to UK: April–June season, air to Heathrow or sea in reefers, HWT and IPAFFS paperwork handled. Book season volume early.",product mango (generic) — distinct
/products/organic-manure/cow-manure/,product,organic cow manure exporter india,organic cow manure supplier india; organic cow manure manufacturer india; organic cow manure price india; indian organic cow manure exporter; organic cow manure export from india; bulk organic cow manure india; cow dung manure india; composted cow manure bulk,Can you supply cow manure certified under an organic scheme? | What form does it ship in? | What NPK values should I expect? | Do I need an import permit? | How much fits in a container? | Can you supply retail-format bags under our brand?,transactional,,,89,,,Organic Cow Manure Exporter from India | Green Plus EXIM,"Organic Cow Manure Exporter India | Powder, Granules, Cakes","Indian organic cow manure and cow dung powder exporter — composted, sun-dried, screened. Specs, packing, container loading and FOB/CIF quotes in 24 hours.","Organic cow manure exporter India: composted, sun-dried cow manure as powder, granules or cakes, bagged 5–50 kg. Share your moisture spec for a quote.",blog organic-cow-manure-exporter-from-india (resolved: blog retargeted)
/blog/organic-cow-manure-exporter-from-india/,blog,import organic cow manure from india,cow manure import permit; cow dung fertilizer import; composted cow manure powder; cow manure pellets india; organic manure hs code 3101; bulk cow manure shipping,"Can I buy cow manure from India certified under an organic scheme? | What form should I order — powder, granule or cake? | Do I need an import permit? | What NPK values should I expect? | How much fits in a container? | Can I get retail-format bags with my own branding?",commercial,,,90,,,Organic Cow Manure Exporter: Buyer Guide | Green Plus EXIM,Import Organic Cow Manure from India | Powder & Pellets,"A buyer&#39;s guide to sourcing organic cow manure from India — forms, specifications, packing, documentation, import-permit requirements and destination markets.","Import organic cow manure from India: composted powder, granules or pellets, plus the import-permit check most countries require before shipment.",WAS same primary as product cow-manure; retargeted to import intent
/products/fish-seafood/squid-cuttlefish/,product,frozen squid exporter india,frozen squid supplier india; frozen squid manufacturer india; frozen squid price india; indian frozen squid exporter; frozen squid export from india; bulk frozen squid india; cuttlefish exporter india; squid tubes india,What forms of squid and cuttlefish do you supply? | Why is your export data described as understating the real total? | Why is the market so European/Mediterranean-skewed? | Is squid/cuttlefish export affected by any fishing restrictions? | How much fits in a container? | Do you supply cleaned/tube squid or only whole?,transactional,,,91,,,Squid & Cuttlefish Exporter from India | Green Plus EXIM,"Frozen Squid and Cuttlefish Exporter India | Whole, Tubes","Indian frozen squid and cuttlefish exporter — whole, cleaned and tube forms, packaging, container loading, top markets (USA, Spain, Italy) and FOB/CIF quotes in 24 hours.","Frozen squid exporter India: squid and cuttlefish from the west and south coast, whole, cleaned or tubes, block or IQF. Request sizes and a CIF quote.",
/products/fresh-vegetables/garlic/,product,garlic exporter india,garlic supplier india; garlic manufacturer india; garlic price india; indian garlic exporter; garlic export from india; bulk garlic india; fresh garlic india; garlic supplier for bangladesh,Is Indian garlic a major export line? | Which garlic variety does India export? | What size grades are available? | What's the minimum order for garlic? | When is Indian garlic available?,transactional,,,92,,,Garlic Exporter from India | Green Plus EXIM,"Garlic Exporter India | Fresh Garlic for Gulf, South Asia","Indian fresh garlic exporter — grades, packaging, container loading, top markets and FOB/CIF quotes in 24 hours. Available on request — ask about dehydrated onion/garlic for larger volumes.","Garlic exporter India: fresh garlic graded and packed for Bangladesh, Malaysia and Gulf buyers, availability confirmed by season. Send your enquiry.",
/products/animal-feed/de-oiled-rice-bran/,product,de-oiled rice bran exporter india,de-oiled rice bran supplier india; de-oiled rice bran manufacturer india; de-oiled rice bran price india; indian de-oiled rice bran exporter; de-oiled rice bran export from india; bulk de-oiled rice bran india; dorb exporter india; rice bran extraction export,Can India currently export DORB? | What is DORB and how is it different from raw rice bran? | Why does the 2024 trade data show such a small number for DORB? | What protein level does DORB typically carry? | How much DORB fits in a container? | Is DORB prone to spoilage?,transactional,,,93,,,De-Oiled Rice Bran (DORB) Exporter India | Green Plus EXIM,De-Oiled Rice Bran Exporter India | DORB Feed Ingredient,"Indian DORB (de-oiled rice bran) exporter — export ban lifted 3 Oct 2025 (DGFT Notification 37/2025-26). Protein feed ingredient, specs, packaging and FOB/CIF quotes.","De-oiled rice bran exporter India: DORB feed ingredient, export Free again since DGFT's Oct 2025 notification. Share protein and sand specs for a quote.","blog dorb-export-ban-lifted (policy intent, different query)"
/blog/dorb-export-ban-lifted-what-buyers-need-to-know/,blog,de-oiled rice bran export ban india,dorb export ban lifted; dgft notification 37/2025-26; de-oiled rice bran export policy; rice bran export india 2025; dorb hs code 2306; dorb price india,"Why was DORB export banned in the first place? | How long was the ban in place? | Is DORB available for export right now? | Does the ban-lift apply to all rice bran, or just DORB? | Should I trust 2024 trade data for DORB? | What specification applies to DORB?",informational,,,94,,,DORB Export Ban Lifted: Buyer Guide | Green Plus EXIM,India De-Oiled Rice Bran Export Ban Lifted | DORB Guide,India&#39;s DORB export ban was lifted in October 2025 after running since July 2023. What that means for feed-mill buyers looking to source de-oiled rice bran from India again.,India lifted its de-oiled rice bran export ban on 3 October 2025 (DGFT 37/2025-26). What the 2023–25 ban means for 2024 data and new DORB contracts.,product de-oiled-rice-bran (transactional) — distinct
/blog/soybean-meal-exporter-from-india-germany/,blog,soybean meal exporter india to germany,import soybean meal from india to germany; non gmo soybean meal germany; soybean doc hamburg; 46 protein soybean meal; sojaschrot aus indien; gmo free soya meal eu,Is Indian soybean meal genuinely non-GMO? | Why is Indian soybean meal more expensive than Brazilian or Argentine meal? | What protein specification is standard for Germany? | What EU-specific documentation is needed? | How long does shipping to Germany take? | What's the minimum order quantity?,commercial,Germany,de: Sojaschrot aus Indien gentechnikfrei,95,,,Soybean Meal Exporter to Germany | Green Plus EXIM,Soybean Meal Exporter India to Germany | Non-GMO 46%/48%,"Sourcing non-GMO soybean meal from India for German feed buyers — protein specs, documentation, EU compliance and why India competes despite higher prices.","Soybean meal exporter India to Germany: non-GMO DOC at 46% or 48% protein, India grows no GM soy. Shipped to Hamburg in 18–24 days. Request a quote.",
/,home,agri export company india,,What is the minimum order quantity? | Which Incoterms do you work on? | Can I get samples before ordering? | What documents do you provide with a shipment? | How long does shipping take? | How do I pay for an order?,commercial,,,,,,Green Plus EXIM | Export House from India,Green Plus EXIM | Agri Export Company from India,"Green Plus EXIM ships fresh produce, grains, seafood, animal feed and fertilizers from India since 2000. IEC & APEDA registered. Get an FOB/CIF quote in 24 hours.","Green Plus EXIM is an agri export company from India shipping spices, basmati rice, pulses, oilseeds, produce and feed. IEC and APEDA registered.",
/about/,page,green plus exim,,What is green plus exim? | How does green plus exim work? | Where can I find green plus exim? | What should I check about green plus exim? | Who can help with green plus exim?,navigational,,,,,,About Us | Green Plus EXIM,"About Green Plus EXIM | Agri Exporter, Mumbai, India","Green Plus EXIM is a Mumbai-based export house founded in 2000 by Mr. Jamil Khan, supplying fresh produce, grains, seafood, feed and fertilizers to buyers worldwide.","About Green Plus EXIM, an agri exporter in Mumbai, India: who we are, what we export and how we work with importers. 25+ years in trade since 2000.",
/authors/,utility,,,,navigational,,,,,,Authors | Green Plus EXIM,(keep current),The people behind Green Plus EXIM&#39;s guides and market research.,(keep current),exempt from keyword rules (utility)
/authors/editorial-team/,utility,,,,navigational,,,,,,Editorial Team — Green Plus EXIM | Green Plus EXIM,(keep current),The Green Plus EXIM editorial team researches and fact-checks the trade data and market guides published on this site.,(keep current),exempt from keyword rules (utility)
/authors/jamil-khan/,utility,,,,navigational,,,,,,"Jamil Khan — Founder, Green Plus EXIM | Green Plus EXIM",(keep current),Jamil Khan founded Green Plus EXIM in 2000 and leads the company&#39;s sourcing and export operations.,(keep current),exempt from keyword rules (utility)
/become-a-supplier/,page,sell agri produce for export india,,What is sell agri produce for export india? | How does sell agri produce for export india work? | Where can I find sell agri produce for export india? | What should I check about sell agri produce for export india? | Who can help with sell agri produce for export india?,commercial,,,,,,Become a Supplier | Green Plus EXIM,"Become a Supplier | Sell Agri Produce for Export, India","Farmers, FPOs, processors and aggregators: register your product and capacity with Green Plus EXIM to be considered for export supply contracts.","Sell agri produce for export: farmers, processors and FPOs in India can supply Green Plus EXIM. Share your product, volumes and quality to apply.",
/blog/,page,indian agri export guides,,What is indian agri export guides? | How does indian agri export guides work? | Where can I find indian agri export guides? | What should I check about indian agri export guides? | Who can help with indian agri export guides?,informational,,,,,,Export & Sourcing Blog | Green Plus EXIM,Indian Agri Export Guides for Importers | Blog,"Buyer guides, price trends, specifications and documentation guides for importers sourcing from India.","Indian agri export guides for importers: grades, documents, price drivers and what goes wrong on a first order, product by product.",
/blog/frozen-shrimp-import-from-india-to-china/,blog,import frozen shrimp from india to china,frozen shrimp exporter india to china; vannamei shrimp china import; gacc cifer registration shrimp; shrimp hoso china; 印度冻虾; shrimp residue testing china,What is GACC/CIFER registration and why does it matter? | How long does shipping to China take? | Do Chinese residue limits match the EU or US? | Which shrimp forms does China typically buy? | Is China's shrimp demand growing? | Is GACC Decree 248 changing?,commercial,China,zh: 从印度进口冻虾,,,,Frozen Shrimp Import: India to China | Green Plus EXIM,Import Frozen Shrimp from India to China | GACC & CIFER,"How to import frozen vannamei shrimp from India to China — GACC/CIFER registration, volumes, transit times and documentation for Chinese buyers.","Import frozen shrimp from India to China: vannamei HOSO to PD for Shanghai, Shenzhen or Qingdao, GACC/CIFER plant registration and residue testing.",
/blog/frozen-vannamei-shrimp-exporter-usa/,blog,frozen shrimp exporter india to usa,import shrimp from india to usa; vannamei shrimp usa; fsvp shrimp; hoso hlso pd shrimp; shrimp glaze net weight; seafood haccp import,What is FSVP and does it affect the exporter? | Is Seafood HACCP required? | How is shrimp count-graded? | What does glazing mean for pricing? | Does FDA test for antibiotic residue? | How long does shipping to the US take?,commercial,USA,—,,,,Frozen Shrimp Exporter to the USA | Green Plus EXIM,Frozen Shrimp Exporter India to USA | Vannamei HOSO/PD,"Importing frozen vannamei shrimp from India to the USA — forms, counts, glazing, FDA/FSMA and Seafood HACCP requirements, and how to compare quotes accurately.","Frozen shrimp exporter India to USA: India shipped 311,948 MT to the US in FY2024-25. Vannamei HOSO to PD, documents for your FSVP file. Get a quote.",
/blog/how-exporting-with-green-plus-exim-works/,blog,first import order from india,placing an order with an indian exporter; proforma invoice india; import timeline india; first container from india; export documents received; trial order india,How long does a first order take from enquiry to arrival? | Do I have to commit to a full container on my first order? | What is a proforma invoice and why do I need it? | When do I receive the bill of lading? | What happens if the product doesn't meet the agreed specification? | Can I use my own freight forwarder or inspection agency?,informational,,,,,,How Exporting With Green Plus EXIM Works | Green Plus EXIM,"Your First Import Order from India | Timeline, Documents","Your first order with Green Plus EXIM, stage by stage: what you receive and when, the decisions only you can make, common first-order pitfalls, and what to prepare before you enquire.","Your first import order from India, stage by stage: quote, proforma, samples, loading and B/L, with the documents you receive and when. Plan yours.",/export-process/ owns 'export process from india'; owner chose keep-both (3% text overlap)
/blog/how-to-verify-an-indian-exporter-before-you-pay/,blog,how to verify an indian exporter,verify iec number; apeda rcmc check; check gst number india; indian exporter fraud; exporter due diligence india; mca company search,What is an IEC and why does it matter? | Does APEDA registration matter for every product? | Can I verify these registrations independently? | How do I check an IEC on the DGFT website? | How do I confirm an exporter's APEDA registration? | What if the exporter doesn't appear in the MCA company records?,informational,,,,,,Verify an Indian Exporter Before You Pay | Green Plus EXIM,"How to Verify an Indian Exporter | IEC, APEDA, GST Checks","A practical checklist for verifying an Indian export company before sending payment — IEC and APEDA checks, references, trial orders and red flags to watch for.","How to verify an Indian exporter before you pay: check the IEC on DGFT, RCMC on APEDA, GSTIN and MCA records, and that every name matches the bank.",
/contact/,page,contact green plus exim,,What is contact green plus exim? | How does contact green plus exim work? | Where can I find contact green plus exim? | What should I check about contact green plus exim? | Who can help with contact green plus exim?,navigational,,,,,,Contact Us | Green Plus EXIM,Contact Green Plus EXIM | Agri Exporter in India,"Contact Green Plus EXIM for export enquiries, supplier partnerships or general questions. Phone, WhatsApp, email and office hours.","Contact Green Plus EXIM, an agri exporter in India, by phone, WhatsApp or email. Tell us your product and port and we reply within 24 business hours.",
/export-process/,page,export process from india,,What is export process from india? | How does export process from india work? | Where can I find export process from india? | What should I check about export process from india? | Who can help with export process from india?,informational,,,,,,Export Process — Inquiry to Delivery | Green Plus EXIM,Export Process from India | Enquiry to Delivery,"How an export order moves from first inquiry through specs, quote, samples, contract, production, inspection, documentation, shipping and delivery.","The export process from India with Green Plus EXIM: enquiry, quote, contract, sourcing and inspection, shipping and documents. See each step.",
/faq/,page,importing from india faqs,,What is importing from india faqs? | How does importing from india faqs work? | Where can I find importing from india faqs? | What should I check about importing from india faqs? | Who can help with importing from india faqs?,informational,,,,,,Export FAQs | Green Plus EXIM,"Importing from India FAQs | Orders, Payment, Shipping","Answers to 30+ common questions from importers and buyers about ordering, payment, shipping and documentation with Green Plus EXIM.","Importing from India FAQs: minimum orders, samples, payment terms, documents, transit times and claims, answered by an Indian agri exporter.",
/get-a-quote/,page,export quote from india,,What is export quote from india? | How does export quote from india work? | Where can I find export quote from india? | What should I check about export quote from india? | Who can help with export quote from india?,transactional,,,,,,Get Your Export Quote | Green Plus EXIM,Get an Export Quote from India | FOB or CIF,"Request an FOB or CIF export quote from Green Plus EXIM. Tell us your product, quantity and destination — we respond within 24 business hours.","Get an export quote from India: tell us the product, quantity, destination port and Incoterm, and we reply with FOB or CIF pricing in 24 business hours.",
/logistics-shipping/,page,shipping from india ports,,Can you ship less than a full container? | Do you handle customs clearance at my end? | What happens if my shipment is delayed at sea? | Can I choose my own freight forwarder? | What is shipping from india ports?,informational,,,,,,Logistics & Shipping | Green Plus EXIM,Shipping from Indian Ports | Transit Times & Containers,"Which Indian ports we ship from, typical transit-time ranges by region, reefer container options and how Incoterms affect who arranges shipping.","Shipping from Indian ports: Nhava Sheva, Mundra, Chennai and Kolkata, transit times to major destinations and 20ft vs 40ft loading. Plan your route.",
/markets/,page,importing from india by country,countries india exports to; indian exporter markets; import from india by country,What is importing from india by country? | How does importing from india by country work? | Where can I find importing from india by country? | What should I check about importing from india by country? | Who can help with importing from india by country?,informational,,,,,,Export Markets We Ship To | Green Plus EXIM,Importing from India by Country | 30 Market Guides,"Green Plus EXIM ships Indian produce, grains, seafood, feed and fertilizers worldwide. Explore import regulations, ports and transit times by region and country.","Importing from India by country: 22 country and 8 region guides with what India ships, regulators, ports and documents. Pick your market.",
/packaging-labelling/,page,export packaging india,,What is export packaging india? | How does export packaging india work? | Where can I find export packaging india? | What should I check about export packaging india? | Who can help with export packaging india?,commercial,,,,,,Packaging & Labelling Options | Green Plus EXIM,"Export Packaging from India | Bags, Cartons, Labels","Standard and custom packaging formats for Green Plus EXIM&#39;s export products, plus labelling and private-label options for your market.","Export packaging and labelling from India: PP bags, jute, cartons and jumbo bags, plus private-label printing for your market. Choose your packing.",
/payment-terms/,page,payment terms indian exporters,,Who is a reliable payment terms indian exporters? | What documents do I need for payment terms indian exporters? | What is the minimum order for payment terms indian? | How long does shipping take for payment terms indian from India? | How do I get a price quote for payment terms indian?,commercial,,,,,,"Payment Terms — LC, TT, CAD | Green Plus EXIM","Payment Terms with Indian Exporters | LC, TT, CAD","Payment options for ordering from Green Plus EXIM: Letter of Credit, advance payment / Cash Against Documents and Telegraphic Transfer, explained.","Payment terms with Indian exporters: letter of credit, TT advance and CAD compared by risk for a first order and repeat business. See our options.",
/privacy-policy/,utility,,,,navigational,,,,,,Privacy Policy | Green Plus EXIM,(keep current),"How Green Plus EXIM collects and uses information submitted through our enquiry forms, WhatsApp and website analytics, including GDPR rights for EU visitors.",(keep current),exempt from keyword rules (utility)
/private-label-bulk-supply/,page,private label agri products india,,What is private label agri products india? | How does private label agri products india work? | Where can I find private label agri products india? | What should I check about private label agri products india? | Who can help with private label agri products india?,commercial,,,,,,Private Label & Bulk Supply | Green Plus EXIM,Private Label Agri Products from India | Bulk Supply,"Private-label packaging and large-volume supply contracts from Green Plus EXIM for retail chains, distributors and processors.","Private label agri products from India: your brand on our spices, rice and pulses, plus bulk contract supply for distributors. Discuss your volumes.",
/products/,products-hub,agricultural products exporter india,indian agri products exporter; agro commodities exporter india; food products export india; agri export company india,Who is a reliable agricultural products exporter india? | What documents do I need for agricultural products from India? | What is the minimum order for agricultural products? | How long does shipping take for agricultural products from India? | How do I get a price quote for agricultural products?,transactional,,,,,,Products We Export from India | Green Plus EXIM,"Agricultural Products Exporter India | Spices, Rice, Feed","Fresh fruits, vegetables, grains, pulses, spices, seafood, animal feed, fertilizers and organic manure exported from India by Green Plus EXIM.","Agricultural products exporter India: spices, basmati rice, pulses, oilseeds, fresh produce, seafood and feed ingredients. Browse specs and request quotes.",
/products/animal-feed/,product-category,animal feed ingredients exporter india,animal feed ingredients supplier india; animal feed ingredients export from india; bulk animal feed ingredients,Is Indian soybean meal non-GMO? | Can India export de-oiled rice bran (DORB)? | What protein levels are available? | How should feed ingredients be packed? | Do you test for aflatoxin? | What's the difference between soybean meal and soybean DOC?,transactional,,,,,,Animal Feed Ingredient Exporter from India | Green Plus EXIM,Animal Feed Ingredients Exporter India | DOC & Fish Meal,"Indian animal feed exporter — soybean meal, de-oiled rice bran (DORB), groundnut cake, mustard meal, DDGS and fish meal. Protein specs and FOB/CIF quotes in 24 hours.","Animal feed ingredients exporter India: non-GMO soybean meal, fish meal and de-oiled rice bran for feed mills, with protein specs. Request a quote.",
/products/compare/,page,compare indian export products,indian product specs comparison; export product comparison india; hs codes indian products,What is compare indian export products? | How does compare indian export products work? | Where can I find compare indian export products? | What should I check about compare indian export products? | Who can help with compare indian export products?,informational,,,,,,Compare Indian Export Products | Green Plus EXIM,"Compare Indian Export Products | Specs, HS & Packing","Compare Green Plus EXIM&#39;s Indian export products by category, HS code, packaging, container loading and key markets — filter and search to find the right product.","Compare Indian export products side by side: HS codes, grades, packing and container loads, so you can shortlist before you request a quote.",
/products/dehydrated-products/,product-category,dehydrated vegetables exporter india,dehydrated vegetables supplier india; dehydrated vegetables export from india; bulk dehydrated vegetables,Why buy dehydrated instead of fresh? | What forms are available? | What's the difference between white and red dehydrated onion? | What moisture level should I specify? | Is dehydrated product subject to the same export restrictions as fresh onion? | How much dehydrated product fits in a container?,transactional,,,,,,Dehydrated Products Exporter from India | Green Plus EXIM,Dehydrated Vegetables Exporter India | Onion & Garlic,"Indian dehydrated food exporter — dehydrated onion, garlic, ginger and vegetable powders. Mesh grades, moisture specs and FOB/CIF quotes within 24 business hours.","Dehydrated vegetables exporter India: dried onion and garlic as flakes, granules and powder for food manufacturers, mesh to order. See the range.",
/products/fertilizers/,product-category,natural fertilizer exporter india,natural fertilizer supplier india; natural fertilizer export from india; bulk natural fertilizer,What is neem cake used for? | Do bio-fertilizers need special handling? | Is an import permit needed? | Can you supply fertilizer inputs certified under an organic scheme? | What packing is available?,transactional,,,,,,Fertilizer Exporter from India | Green Plus EXIM,"Natural Fertilizer Exporter India | Neem Cake, Bio-Inputs","Indian fertilizer exporter — neem cake, bio-fertilizers, bone meal and seaweed-based fertilizer. Specs, packing, import guidance and FOB/CIF quotes in 24 hours.","Natural fertilizer exporter India: neem cake, bio-fertilizers and plant- or animal-origin soil inputs, described by product type. Ask for specs.",
/products/fish-seafood/,product-category,seafood exporter india,seafood supplier india; seafood export from india; bulk seafood,What is India's biggest seafood export? | Do you supply IQF or block-frozen product? | How is glazing handled? | Can you arrange antibiotic residue testing? | Can I nominate my own inspection agency? | What documentation comes with a seafood shipment?,transactional,,,,,,Seafood Exporter from India | Green Plus EXIM,"Seafood Exporter India | Frozen Shrimp, Squid, Cuttlefish","Indian frozen seafood exporter — vannamei and black tiger shrimp, ribbonfish, Indian mackerel, squid, cuttlefish, pomfret and sardines. FOB/CIF quotes in 24 hours.","Seafood exporter India: frozen vannamei shrimp, squid and cuttlefish, block or IQF, count-graded for US, Chinese and EU buyers. Request specs.",
/products/fish-seafood/frozen-vannamei-shrimp/,product,frozen shrimp exporter india,frozen shrimp supplier india; frozen shrimp manufacturer india; frozen shrimp price india; indian frozen shrimp exporter; frozen shrimp export from india; bulk frozen shrimp india; vannamei shrimp exporter india; frozen prawns india,"What product forms are available? | How is shrimp count-graded? | What does glazing mean, and how should I specify it? | Can you supply antibiotic-residue tested shrimp? | Can I nominate my own inspection agency? | What temperature does frozen shrimp ship at?",transactional,,,,,,Frozen Vannamei Shrimp Exporter from India | Green Plus EXIM,"Frozen Vannamei Shrimp Exporter India | HOSO, HLSO, PD","Frozen vannamei shrimp exporter from India — HOSO, HLSO, PD, PUD and cooked forms. Counts, glazing, packing, top markets and FOB/CIF quotes in 24 hours.","Frozen shrimp exporter India: farmed vannamei in HOSO, HLSO, PD and PUD, block or IQF, count-graded. Request counts, glaze spec and a CIF quote.","blogs shrimp-usa, shrimp-china (country queries)"
/products/fresh-fruits/,product-category,fresh fruit exporter india,fresh fruit supplier india; fresh fruit export from india; bulk fresh fruit,Which Indian fruits are best established in export markets? | Do all fruits ship in reefer containers? | Can you ship fruit by air? | What's the minimum order for fresh fruit? | How do I reduce the risk of rejection on arrival?,transactional,,,,,,Fresh Fruit Exporter from India | Green Plus EXIM,"Fresh Fruit Exporter India | Grapes, Mango, Banana","Indian fresh fruit exporter — pomegranate, grapes, banana, mango, papaya, watermelon, lemon and coconut. Reefer shipping, specs and FOB/CIF quotes in 24 hours.","Fresh fruit exporter India: grapes, Alphonso mango, Cavendish banana and Bhagwa pomegranate, reefer-shipped in season. Check seasons and get a quote.",
/products/fresh-fruits/banana/,product,banana exporter india,banana supplier india; banana manufacturer india; banana price india; indian banana exporter; banana export from india; bulk banana india; cavendish banana india; g9 banana exporter,What banana variety does India export? | What temperature should bananas ship at? | How many bananas fit in a container? | What is the minimum order for bananas? | How long do Indian bananas take to reach the GCC? | Can you supply bananas year-round?,transactional,,,,,,Banana Exporter from India (Cavendish G9) | Green Plus EXIM,"Banana Exporter India | Cavendish G9, Reefer Shipped","Cavendish G9 banana exporter from India. Specs, packaging, container loading, top markets and FOB/CIF quotes within 24 business hours.","Banana exporter India: Cavendish G9 bananas from India's growing belts, graded, packed and reefer-shipped to Gulf and Central Asian ports. Get a quote.",
/products/fresh-fruits/pomegranate/,product,pomegranate exporter india,pomegranate supplier india; pomegranate manufacturer india; pomegranate price india; indian pomegranate exporter; pomegranate export from india; bulk pomegranate india; bhagwa pomegranate exporter; fresh pomegranate india,Which pomegranate variety does India export? | How are pomegranates graded for export? | What is the pomegranate season in India? | What temperature do pomegranates ship at? | Do you test for pesticide residue? | How many pomegranates fit in a container?,transactional,,,,,,Pomegranate Exporter from India (Bhagwa) | Green Plus EXIM,"Pomegranate Exporter India | Bhagwa, Export-Grade Counts","Bhagwa pomegranate exporter from India. Grades, counts, packaging, container loading, top markets and FOB/CIF quotes within 24 business hours.","Pomegranate exporter India: Bhagwa pomegranates from Maharashtra, deep red aril, packed by export-grade counts. Request counts and a reefer quote.",
/products/fresh-vegetables/,product-category,fresh vegetables exporter india,fresh vegetables supplier india; fresh vegetables export from india; bulk fresh vegetables,Which Indian vegetables have the strongest export markets? | Does Indian vegetable export policy change? | Do vegetables ship in reefer containers? | What packaging is used for vegetables? | How much vegetable cargo fits in a container?,transactional,,,,,,Fresh Vegetable Exporter from India | Green Plus EXIM,"Fresh Vegetables Exporter India | Onion, Garlic, Ginger","Indian fresh vegetable exporter — red onion, potato, garlic, green chilli, drumstick, okra, tomato and ginger. Grades, packing and FOB/CIF quotes in 24 hours.","Fresh vegetables exporter India: Nashik red onion, fresh garlic and dried ginger, graded and packed for Asian and Gulf buyers. Choose a product.",
/products/grains-rice/,product-category,rice and grain exporter india,rice and grain supplier india; rice and grain export from india; bulk rice and grain,Can India export non-basmati rice? | What's the difference between basmati grades? | Do you export millets? | How much rice fits in a container? | Can you supply rice under our own brand? | Is Indian wheat available for export?,transactional,,,,,,Rice & Grain Exporter from India | Green Plus EXIM,Rice & Grain Exporter India | Basmati and Feed Maize,"Indian rice and grain exporter — 1121 basmati, Pusa, parboiled rice, maize, wheat and millets. Specs, packing, container loading and FOB/CIF quotes in 24 hours.",Rice and grain exporter India: 1121 and Pusa basmati rice plus feed-grade maize for South Asia. India shipped 6.52 million MT of basmati in 2025-26.,
/products/oilseeds/,product-category,oilseeds exporter india,oilseeds supplier india; oilseeds export from india; bulk oilseeds,What groundnut varieties does India export? | What is guar gum used for? | What is psyllium husk? | What's the difference between hulled and natural sesame? | Is aflatoxin testing available? | Do you export makhana (fox nut)?,transactional,,,,,,Oilseeds & Specialty Products | Green Plus EXIM,"Oilseeds Exporter India | Groundnut, Sesame, Guar & More","Indian oilseed and specialty exporter — sesame seeds, groundnut kernels, guar gum, psyllium husk and makhana. Specs, purity grades and FOB/CIF quotes in 24 hours.","Oilseeds exporter India: groundnut kernels, sesame, guar gum, psyllium husk and dehydrated onion, each with specs and trade data. Pick a product.",
/products/oilseeds/sesame-seeds/,product,sesame seeds exporter india,sesame seeds supplier india; sesame seeds manufacturer india; sesame seeds price india; indian sesame seeds exporter; sesame seeds export from india; bulk sesame seeds india; hulled sesame india; natural sesame seeds,What's the difference between hulled and natural sesame? | What purity grades are available? | Why does oil content matter? | Do you supply black sesame? | Is aflatoxin testing available? | How much sesame fits in a container?,transactional,,,,,,Sesame Seeds Exporter from India | Green Plus EXIM,"Sesame Seeds Exporter India | Hulled & Natural, 99.95%","Indian sesame seed exporter — hulled, natural white and black sesame. Purity specs, oil content, packaging, markets and FOB/CIF quotes within 24 business hours.","Sesame seeds exporter India: hulled and natural sesame at 99.95% purity grades, machine-cleaned and sortex-processed. Ask for specs and a quote.",
/products/organic-manure/,product-category,organic manure exporter india,organic manure supplier india; organic manure export from india; bulk organic manure,Can you supply manure certified under an organic scheme? | Do I need an import permit? | What NPK values should I expect? | What's the difference between cow manure and vermicompost? | How much fits in a container? | Can you supply retail-format bags under our brand?,transactional,,,,,,Organic Manure Exporter from India | Green Plus EXIM,"Organic Manure Exporter India | Cow Manure, Bulk Bags","Indian organic manure exporter — cow manure, vermicompost, poultry manure and compost. Specs, NPK ranges, import-permit guidance and FOB/CIF quotes in 24 hours.","Organic manure exporter India: composted cow manure as powder, granules or cakes for horticulture and farming buyers. Check import permits first.",
/products/other-indian-exports/,product-category,other indian exports,other indian export products; other indian export products; bulk other indian export products,What other products can you source from India? | Will you tell me if you can't supply something? | Can you handle a first-time trial order for a new product? | Do you check export restrictions before quoting? | What is other indian export products?,transactional,,,,,,Other Indian Exports | Green Plus EXIM,Other Indian Export Products | Sourcing on Request,Sourcing an Indian-origin product outside our published range? Green Plus EXIM handles additional export categories on request — tell us your requirement.,"Other Indian export products sourced on request beyond our core agri lines. Tell us the product, spec and volume and we will confirm availability.",
/products/pulses/,product-category,pulses exporter india,pulses supplier india; pulses export from india; bulk pulses,What's the difference between kabuli and desi chickpeas? | How are chickpeas graded? | Do you supply split pulses (dal)? | Which markets buy Indian pulses? | How much pulse cargo fits in a container? | Is fumigation required?,transactional,,,,,,Pulses Exporter from India | Green Plus EXIM,Pulses Exporter India | Chickpeas & Masoor Lentils,"Indian pulses exporter — kabuli and desi chickpeas, toor dal, moong, urad and masoor lentils. Grades, packing and FOB/CIF quotes within 24 business hours.","Pulses exporter India: kabuli and desi chickpeas and whole or split masoor lentils, cleaned, graded and container-loaded. Choose a pulse and get a quote.",
/products/spices/,product-category,indian spices exporter,indian spices supplier; indian spices exporter; bulk indian spices,"Which Indian spices have the biggest export markets? | What chilli varieties does India export? | How is chilli colour and heat specified? | Can you supply steam-sterilised spices? | Do you test spices for aflatoxin and pesticide residue? | What's the difference between whole, crushed and ground spice?",transactional,,,,,,Spice Exporter from India | Green Plus EXIM,"Indian Spices Exporter | Cumin, Chilli, Turmeric & More","Indian spice exporter — turmeric, red chilli, cumin, coriander, black pepper and cardamom. Grades, ASTA/steam-sterilised options and FOB/CIF quotes in 24 hours.","Indian spices exporter for whole and ground spices: cumin, red chilli, turmeric, cardamom, coriander and black pepper, graded to spec. Compare and enquire.",
/quality-compliance/,page,pre-shipment inspection india,,What industry certifications does Green Plus EXIM hold? | Can I nominate my own inspection agency? | What lab tests can you arrange? | How do I know what documents I'll need? | How is your organic manure described?,commercial,,,,,,Quality & Compliance Process | Green Plus EXIM,Pre-Shipment Inspection India | Quality Process,"How Green Plus EXIM manages quality: sourcing checks, grading, pre-shipment inspection and lab testing on request — and how we prepare export documentation for your market.","Pre-shipment inspection for Indian agri exports: sourcing checks, grading, lab tests on request and SGS, BV or Intertek inspection. See our process.",
/registrations/,page,iec apeda registered exporter,,Who is a reliable iec apeda registered exporter? | What documents do I need for iec apeda registered exporter? | What is the minimum order for iec apeda registered? | How long does shipping take for iec apeda registered from India? | How do I get a price quote for iec apeda registered?,commercial,,,,,,Registrations — IEC & APEDA | Green Plus EXIM,IEC & APEDA Registered Exporter | Green Plus EXIM India,Green Plus EXIM&#39;s export registrations: Import Export Code (IEC) and APEDA (RCMC). What each covers and how to request confirmation for your shipment.,Green Plus EXIM is an IEC and APEDA registered exporter from India. See our registration details and how to verify them before your first order.,
/resources/,resource,import from india resources,,What is import from india resources? | How does import from india resources work? | Where can I find import from india resources? | What should I check about import from india resources? | Who can help with import from india resources?,informational,,,,,,Export Resources & Buyer Guides | Green Plus EXIM,Import from India Resources | Tools & Buyer Guides,"Free tools and guides for importers sourcing from India: Incoterms guide, HS code finder, container loading calculator, harvest calendar and glossary.","Free resources for importing from India: HS code finder, container loading calculator, harvest calendar, Incoterms guide and an import guide.",
/resources/container-loading-calculator/,resource,container loading calculator,,What is container loading calculator? | How does container loading calculator work? | Where can I find container loading calculator? | What should I check about container loading calculator? | Who can help with container loading calculator?,informational,,,,,,Container Loading Calculator | Green Plus EXIM,Container Loading Calculator | 20ft & 40ft from India,Estimate how many tonnes of product fit in a 20ft or 40ft container based on packaging type and bag weight. For planning only — confirm exact figures with us.,Container loading calculator for cargo from India: estimate how many MT of a product fit in a 20ft or 40ft container by bag size and packing.,
/resources/glossary/,resource,export trade finance glossary,,What is export trade finance glossary? | How does export trade finance glossary work? | Where can I find export trade finance glossary? | What should I check about export trade finance glossary? | Who can help with export trade finance glossary?,informational,,,,,,Export & Trade Finance Glossary | Green Plus EXIM,Export & Trade Finance Glossary | Importing from India,"60+ export, shipping and trade-finance terms explained in plain language, from APEDA to transshipment.","Export and trade finance glossary for importing from India: LC, CAD, FOB, CIF, phytosanitary, RCMC, MEP and more, each explained in one line.",
/resources/harvest-calendar/,resource,india harvest calendar,,What is india harvest calendar? | How does india harvest calendar work? | Where can I find india harvest calendar? | What should I check about india harvest calendar? | Who can help with india harvest calendar?,informational,,,,,,India Produce Harvest Calendar | Green Plus EXIM,India Harvest Calendar for Importers | Crop Months,"Typical harvest and availability months for key Indian fruits, vegetables, grains and spices we export.","India harvest calendar for importers: harvest and arrival months for spices, pulses, fruit and vegetables, so you can time contracts and quality.",
/resources/hs-code-finder/,resource,hs code finder indian agri exports,,What is hs code finder indian agri exports? | How does hs code finder indian agri exports work? | Where can I find hs code finder indian agri exports? | What should I check about hs code finder indian agri exports? | Who can help with hs code finder indian agri exports?,informational,,,,,,HS Code Finder for Indian Exports | Green Plus EXIM,HS Code Finder for Indian Agri Exports | ITC-HS,"Search HS codes for fresh produce, grains, pulses, spices, seafood, animal feed and fertilizer products exported from India.","HS code finder for Indian agri exports: search spices, rice, pulses, oilseeds and more by name to get the ITC-HS heading before you quote.",
/resources/import-guide-from-india/,resource,how to import from india,,What is how to import from india? | How does how to import from india work? | Where can I find how to import from india? | What should I check about how to import from india? | Who can help with how to import from india?,informational,,,,,,Import Guide from India | Green Plus EXIM,How to Import from India | Step-by-Step Guide,"A practical guide for first-time importers sourcing fresh produce, grains, seafood, feed or fertilizers from India — process, documentation, payment and logistics.","How to import from India step by step: find and verify an exporter, agree specs and Incoterms, pay safely and clear customs. A buyer's checklist.",
/resources/incoterms-guide/,resource,incoterms guide india,,Which Incoterm is cheapest? | Is CIF safer than FOB? | When does EXW make sense? | Can I switch Incoterms between orders with the same supplier? | Which Indian port will my order ship from? | What if I don't know which one to choose?,informational,,,,,,Incoterms Guide: Which to Pick from India | Green Plus EXIM,"Incoterms Guide India | FOB, CIF, CFR or EXW?","FOB, CIF, CFR and EXW explained for buyers importing from India: who pays for what, when risk transfers, and which Incoterm to choose for your order.","Incoterms guide for importing from India: FOB, CIF, CFR and EXW compared by cost, risk and control, with the questions that decide your choice.",
/sample-policy/,page,samples from india,,What is samples from india? | How does samples from india work? | Where can I find samples from india? | What should I check about samples from india? | Who can help with samples from india?,commercial,,,,,,Sample Policy | Green Plus EXIM,Samples from India Before You Order | Sample Policy,"How to request product samples from Green Plus EXIM before placing a bulk export order — availability, typical charges and lead time.","Samples from an Indian exporter before you order: what we send, how sample costs and courier are handled, and how samples tie to the contract spec.",
/sitemap/,utility,,,,navigational,,,,,,Sitemap | Green Plus EXIM,(keep current),Full list of pages on the Green Plus EXIM website.,(keep current),exempt from keyword rules (utility)
/terms-conditions/,utility,,,,navigational,,,,,,Terms & Conditions | Green Plus EXIM,(keep current),"General terms and conditions covering enquiries, quotes, orders, payment and shipping with Green Plus EXIM.",(keep current),exempt from keyword rules (utility)
/why-green-plus-exim/,page,indian agri exporter,,Who is a reliable indian agri exporter? | What documents do I need for indian agri exporter? | What is the minimum order for indian agri? | How long does shipping take for indian agri from India? | How do I get a price quote for indian agri?,commercial,,,,,,Why Choose Us | Green Plus EXIM,Why Buy from Green Plus EXIM | Indian Agri Exporter,"Why importers, distributors and wholesalers work with Green Plus EXIM: direct sourcing, matched specifications, transparent documentation and dual-coast port access from India.","Why importers buy from Green Plus EXIM, an Indian agri exporter: clear specs, honest lead times and documents matched to your market. See how we work.",
